DRAW_ID,DAY,MONTH,DATE,YEAR,BALL1,BALL2,BALL3,BALL4,BALL5,POWER_BALL
1,Wed,Jul,4th,2001,4,10,11,12,18,2
2,Sat,Jul,7th,2001,2,10,11,26,28,10
3,Wed,Jul,11th,2001,5,10,11,13,15,10
4,Sat,Jul,14th,2001,9,11,24,26,33,4
5,Wed,Jul,18th,2001,8,11,12,19,31,10
6,Sat,Jul,21st,2001,6,13,16,25,36,5
7,Wed,Jul,25th,2001,4,11,12,24,28,7
8,Sat,Jul,28th,2001,5,8,24,29,31,10
9,Wed,Aug,1st,2001,1,8,22,31,33,6
10,Sat,Aug,4th,2001,5,8,22,25,28,6
11,Wed,Aug,8th,2001,1,9,15,23,32,1
12,Sat,Aug,11th,2001,5,14,18,21,30,7
13,Wed,Aug,15th,2001,3,4,16,17,34,4
14,Sat,Aug,18th,2001,10,13,21,23,24,2
15,Wed,Aug,22nd,2001,2,5,10,14,15,1
16,Sat,Aug,25th,2001,4,25,30,32,34,3
17,Wed,Aug,29th,2001,5,9,17,18,24,4
18,Sat,Sep,1st,2001,3,19,26,28,33,7
19,Wed,Sep,5th,2001,1,7,8,11,21,7
20,Sat,Sep,8th,2001,10,16,21,22,36,2
21,Wed,Sep,12th,2001,2,6,17,20,35,6
22,Sat,Sep,15th,2001,7,20,23,25,35,10
23,Wed,Sep,19th,2001,6,10,18,24,32,5
24,Sat,Sep,22nd,2001,8,16,22,31,36,2
25,Wed,Sep,26th,2001,1,5,17,20,36,5
26,Sat,Sep,29th,2001,4,5,26,30,34,9
27,Wed,Oct,3rd,2001,1,9,12,15,30,10
28,Sat,Oct,6th,2001,2,3,18,22,31,10
29,Wed,Oct,10th,2001,13,17,28,30,32,1
30,Sat,Oct,13th,2001,5,8,10,23,32,6
31,Wed,Oct,17th,2001,0,14,19,31,32,4
32,Sat,Oct,20th,2001,12,13,14,32,36,5
33,Wed,Oct,24th,2001,1,12,18,19,36,3
34,Sat,Oct,27th,2001,6,15,16,17,28,3
35,Wed,Oct,31st,2001,7,24,26,27,32,9
36,Sat,Nov,3rd,2001,1,20,29,34,36,4
37,Wed,Nov,7th,2001,11,12,14,25,29,3
38,Sat,Nov,10th,2001,4,7,11,14,19,9
39,Wed,Nov,13th,2001,3,4,10,16,31,2
40,Sat,Nov,17th,2001,6,9,16,21,30,10
41,Wed,Nov,21st,2001,6,8,14,31,36,9
42,Sat,Nov,24th,2001,6,19,20,25,34,1
43,Wed,Nov,28th,2001,6,8,15,27,28,1
44,Sat,Dec,1st,2001,7,12,17,19,20,3
45,Wed,Dec,5th,2001,13,14,24,27,34,7
46,Sat,Dec,8th,2001,3,10,12,18,26,6
47,Wed,Dec,12th,2001,7,27,28,32,33,9
48,Sat,Dec,15th,2001,9,27,29,34,36,9
49,Wed,Dec,19th,2001,17,18,24,31,34,10
50,Sat,Dec,22nd,2001,8,9,19,21,23,7
51,Wed,Dec,26th,2001,15,23,24,29,36,5
52,Sat,Dec,29th,2001,1,7,15,26,29,10
53,Wed,Jan,2nd,2002,3,7,22,35,36,9
54,Sat,Jan,5th,2002,10,16,17,18,26,8
55,Wed,Jan,9th,2002,2,16,18,34,36,4
56,Sat,Jan,12th,2002,1,4,10,23,28,5
57,Wed,Jan,16th,2002,2,16,28,31,34,2
58,Sat,Jan,19th,2002,11,12,24,27,34,2
59,Wed,Jan,23rd,2002,2,16,27,35,36,9
60,Sat,Jan,26th,2002,10,22,29,32,35,4
61,Wed,Jan,30th,2002,5,8,21,25,36,8
62,Sat,Feb,2nd,2002,1,19,20,29,30,6
63,Wed,Feb,6th,2002,3,7,17,25,33,8
64,Sat,Feb,9th,2002,4,20,25,29,33,1
65,Wed,Feb,13th,2002,3,4,23,26,29,5
66,Sat,Feb,16th,2002,17,20,22,32,34,9
67,Wed,Feb,20th,2002,3,14,16,20,28,8
68,Sat,Feb,23rd,2002,2,13,16,22,31,4
69,Wed,Feb,27th,2002,1,14,15,23,25,5
70,Sat,Mar,2nd,2002,13,15,16,33,35,8
71,Wed,Mar,6th,2002,9,10,22,25,34,5
72,Sat,Mar,9th,2002,1,8,14,17,29,9
73,Wed,Mar,13th,2002,7,10,16,21,22,7
74,Sat,Mar,16th,2002,13,19,24,28,35,8
75,Wed,Mar,20th,2002,12,19,23,32,33,7
76,Sat,Mar,23rd,2002,1,3,5,14,24,6
77,Wed,Mar,27th,2002,4,9,17,25,34,5
78,Wed,Apr,3rd,2002,3,7,20,21,34,9
79,Sat,Apr,6th,2002,21,25,28,33,34,4
80,Wed,Apr,10th,2002,1,15,20,29,31,7
81,Sat,Apr,13th,2002,16,18,31,35,36,7
82,Wed,Apr,17th,2002,12,18,20,29,31,10
83,Sat,Apr,20th,2002,1,3,15,26,28,7
84,Wed,Apr,24th,2002,10,14,15,19,34,9
85,Sat,Apr,27th,2002,2,4,5,7,17,7
86,Wed,May,1st,2002,2,6,8,29,32,7
87,Sat,May,4th,2002,3,5,8,13,27,5
88,Wed,May,8th,2002,3,6,21,29,31,1
89,Sat,May,11th,2002,4,19,20,24,26,4
90,Wed,May,15th,2002,9,13,21,29,31,5
91,Sat,May,18th,2002,2,7,18,24,34,5
92,Wed,May,22nd,2002,1,2,4,29,32,7
93,Sat,May,25th,2002,6,9,15,22,32,4
94,Wed,May,29th,2002,5,7,8,11,19,8
95,Sat,Jun,1st,2002,6,16,20,23,36,6
96,Wed,Jun,5th,2002,7,18,22,23,34,7
97,Sat,Jun,8th,2002,6,13,14,23,34,6
98,Wed,Jun,12th,2002,8,12,15,26,32,10
99,Sat,Jun,15th,2002,1,8,19,20,21,9
100,Wed,Jun,19th,2002,1,5,6,14,35,10
101,Sat,Jun,22nd,2002,5,14,22,26,28,8
102,Wed,Jun,26th,2002,3,12,19,20,25,8
103,Sat,Jun,29th,2002,8,10,12,23,32,5
104,Wed,Jul,3rd,2002,1,9,14,18,22,2
105,Sat,Jul,6th,2002,15,19,28,29,35,8
106,Wed,Jul,10th,2002,5,20,22,26,34,4
107,Sat,Jul,13th,2002,18,19,22,29,34,2
108,Wed,Jul,16th,2002,1,12,17,21,29,9
109,Sat,Jul,20th,2002,12,21,25,29,35,1
110,Wed,Jul,24th,2002,2,17,24,25,29,4
111,Sat,Jul,27th,2002,5,15,27,30,36,7
112,Wed,Jul,31st,2002,5,17,18,20,34,3
113,Sat,Aug,3rd,2002,3,4,11,27,33,9
114,Wed,Aug,7th,2002,10,16,17,30,31,5
115,Sat,Aug,10th,2002,16,19,21,31,33,8
116,Wed,Aug,14th,2002,3,17,27,31,32,5
117,Sat,Aug,17th,2002,10,23,30,31,36,1
118,Wed,Aug,21st,2002,7,24,27,35,36,3
119,Sat,Aug,24th,2002,2,7,12,14,31,10
120,Wed,Aug,28th,2002,8,16,20,29,31,6
121,Sat,Aug,31st,2002,4,10,16,25,34,1
122,Wed,Sep,4th,2002,1,21,27,29,34,10
123,Sat,Sep,7th,2002,14,16,17,28,29,9
124,Wed,Sep,11th,2002,10,21,27,28,36,10
125,Sat,Sep,14th,2002,2,16,21,22,32,1
126,Wed,Sep,18th,2002,9,12,22,33,35,7
127,Sat,Sep,21st,2002,4,14,19,27,29,5
128,Wed,Sep,25th,2002,5,6,9,25,27,10
129,Sat,Sep,28th,2002,7,10,14,23,29,1
130,Wed,Oct,2nd,2002,3,16,23,24,35,10
131,Sat,Oct,5th,2002,4,11,16,20,28,2
132,Wed,Oct,9th,2002,1,2,5,15,20,5
133,Sat,Oct,12th,2002,2,5,6,7,14,7
134,Wed,Oct,16th,2002,2,3,17,22,26,5
135,Sat,Oct,19th,2002,6,8,9,10,14,6
136,Wed,Oct,23rd,2002,4,10,27,30,34,2
137,Sat,Oct,26th,2002,1,16,25,33,34,6
138,Wed,Oct,30th,2002,8,9,16,19,20,5
139,Sat,Nov,2nd,2002,1,12,21,25,27,6
140,Wed,Nov,7th,2002,5,7,18,21,22,8
141,Sat,Nov,9th,2002,2,7,17,21,29,9
142,Wed,Nov,14th,2002,4,7,19,27,28,5
143,Sat,Nov,16th,2002,1,11,18,27,36,1
144,Wed,Nov,21st,2002,10,13,22,26,35,7
145,Sat,Nov,23rd,2002,1,2,11,19,35,7
146,Wed,Nov,27th,2002,3,7,15,23,35,5
147,Sat,Nov,30th,2002,4,16,22,23,29,5
148,Wed,Dec,4th,2002,18,20,27,29,31,1
149,Sat,Dec,7th,2002,9,13,26,31,33,3
150,Wed,Dec,11th,2002,4,15,18,21,34,8
151,Sat,Dec,14th,2002,3,9,11,16,35,8
152,Wed,Dec,18th,2002,10,13,23,25,26,3
153,Sat,Dec,21st,2002,4,10,11,19,27,9
154,Wed,Dec,24th,2002,7,13,27,32,35,5
155,Sat,Dec,28th,2002,10,11,15,16,29,2
156,Wed,Jan,1st,2003,5,11,17,25,26,4
157,Sat,Jan,4th,2003,10,19,25,26,31,1
158,Wed,Jan,8th,2003,7,10,11,12,14,8
159,Sat,Jan,11th,2003,1,13,16,26,30,8
160,Wed,Jan,15th,2003,4,13,14,19,34,6
161,Sat,Jan,18th,2003,1,3,6,8,24,8
162,Wed,Jan,22nd,2003,8,9,17,29,33,8
163,Sat,Jan,25th,2003,3,12,25,32,33,6
164,Wed,Jan,29th,2003,4,9,15,17,21,8
165,Sat,Feb,1st,2003,7,20,27,33,36,9
166,Wed,Feb,5th,2003,8,24,25,33,34,8
167,Sat,Feb,8th,2003,1,4,11,12,22,8
168,Wed,Feb,12th,2003,2,11,17,25,35,8
169,Sat,Feb,15th,2003,17,22,30,34,35,6
170,Wed,Feb,19th,2003,12,19,31,35,36,9
171,Sat,Feb,22nd,2003,1,12,16,22,26,5
172,Wed,Feb,26th,2003,19,28,30,31,36,4
173,Sat,Mar,1st,2003,6,10,13,19,24,3
174,Wed,Mar,5th,2003,4,6,8,16,19,9
175,Sat,Mar,8th,2003,13,18,20,21,33,1
176,Wed,Mar,12th,2003,3,12,15,21,33,7
177,Sat,Mar,15th,2003,12,18,23,30,36,7
178,Wed,Mar,19th,2003,11,18,19,30,32,2
179,Sat,Mar,22nd,2003,11,16,18,20,32,10
180,Wed,Mar,26th,2003,7,15,20,25,31,3
181,Sat,Mar,29th,2003,5,14,24,26,29,10
182,Wed,Apr,2nd,2003,11,16,23,27,30,9
183,Sat,Apr,5th,2003,11,13,22,31,32,3
184,Wed,Apr,9th,2003,15,16,20,22,27,4
185,Sat,Apr,12th,2003,17,26,27,32,34,5
186,Wed,Apr,16th,2003,10,13,16,25,32,1
187,Sat,Apr,19th,2003,3,8,9,15,30,5
188,Wed,Apr,23rd,2003,16,20,27,28,35,10
189,Sat,Apr,26th,2003,12,13,16,19,20,3
190,Wed,Apr,30th,2003,4,6,25,26,29,1
191,Sat,May,3rd,2003,8,10,16,24,25,4
192,Wed,May,7th,2003,7,20,27,31,32,8
193,Sat,May,10th,2003,8,10,12,28,35,2
194,Wed,May,14th,2003,5,10,21,32,36,7
195,Sat,May,17th,2003,9,13,15,28,33,9
196,Wed,May,21st,2003,1,10,13,14,32,7
197,Sat,May,24th,2003,3,7,8,17,21,8
198,Wed,May,28th,2003,13,14,29,33,35,5
199,Sat,May,31st,2003,5,10,25,30,34,3
200,Wed,Jun,4th,2003,6,10,27,29,33,3
201,Sat,Jun,7th,2003,11,15,16,17,20,2
202,Wed,Jun,11th,2003,13,15,27,29,35,5
203,Sat,Jun,14th,2003,2,8,27,30,31,7
204,Wed,Jun,18th,2003,2,4,12,21,35,7
205,Sat,Jun,21st,2003,4,11,15,24,32,2
206,Wed,Jun,25th,2003,5,6,10,16,34,4
207,Sat,Jun,28th,2003,4,11,19,26,36,3
208,Wed,Jul,2nd,2003,3,6,10,15,19,5
209,Sat,Jul,5th,2003,9,14,16,21,31,4
210,Wed,Jul,9th,2003,5,15,18,28,32,4
211,Sat,Jul,12th,2003,5,28,32,33,35,8
212,Wed,Jul,16th,2003,16,19,21,31,34,5
213,Sat,Jul,19th,2003,6,10,12,19,24,10
214,Wed,Jul,23rd,2003,13,17,23,25,28,3
215,Sat,Jul,26th,2003,12,22,25,27,36,9
216,Wed,Jul,30th,2003,16,23,26,28,29,10
217,Sat,Aug,2nd,2003,1,3,16,23,29,2
218,Wed,Aug,6th,2003,6,7,16,19,36,5
219,Sat,Aug,9th,2003,11,27,28,29,31,7
220,Wed,Aug,13th,2003,1,3,11,20,31,10
221,Sat,Aug,16th,2003,1,9,12,15,25,2
222,Wed,Aug,20th,2003,3,4,7,27,36,8
223,Sat,Aug,23rd,2003,3,12,15,19,20,3
224,Wed,Aug,27th,2003,4,12,22,30,33,9
225,Sat,Aug,30th,2003,12,14,18,31,32,4
226,Wed,Sep,3rd,2003,4,13,20,32,36,4
227,Sat,Sep,6th,2003,3,4,15,16,32,8
228,Wed,Sep,10th,2003,5,13,19,22,26,1
229,Sat,Sep,13th,2003,8,14,16,21,28,7
230,Wed,Sep,17th,2003,2,6,9,14,35,4
231,Sat,Sep,20th,2003,1,12,26,34,35,4
232,Wed,Sep,24th,2003,7,18,20,28,36,9
233,Sat,Sep,27th,2003,7,9,17,22,25,6
234,Wed,Oct,1st,2003,11,17,22,27,32,6
235,Sat,Oct,4th,2003,9,17,24,31,35,2
236,Wed,Oct,8th,2003,15,18,22,31,34,6
237,Sat,Oct,11th,2003,4,7,13,27,29,1
238,Wed,Oct,15th,2003,7,13,14,31,33,2
239,Sat,Oct,18th,2003,3,12,22,25,26,6
240,Wed,Oct,22nd,2003,6,12,18,29,35,3
241,Sat,Oct,25th,2003,8,12,16,19,32,2
242,Wed,Oct,29th,2003,3,8,24,30,33,2
243,Sat,Nov,1st,2003,13,14,15,27,29,5
244,Wed,Nov,5th,2003,1,2,16,35,36,7
245,Sat,Nov,8th,2003,4,7,25,26,33,2
246,Wed,Nov,12th,2003,6,17,20,28,32,10
247,Sat,Nov,15th,2003,18,21,29,30,31,7
248,Wed,Nov,19th,2003,1,13,17,24,28,6
249,Sat,Nov,22nd,2003,13,15,24,25,33,9
250,Wed,Nov,26th,2003,12,16,17,23,27,3
251,Sat,Nov,29th,2003,22,24,25,27,33,1
252,Wed,Dec,3rd,2003,8,9,12,24,29,4
253,Sat,Dec,6th,2003,4,9,21,22,30,2
254,Wed,Dec,10th,2003,3,7,17,30,34,2
255,Sat,Dec,13th,2003,5,11,28,33,34,9
256,Wed,Dec,17th,2003,7,22,27,33,35,5
257,Sat,Dec,20th,2003,18,27,31,32,35,5
258,Wed,Dec,24th,2003,2,6,12,18,32,1
259,Sat,Dec,27th,2003,2,11,12,19,32,8
260,Wed,Dec,31st,2003,7,8,21,23,28,5
261,Sat,Jan,3rd,2004,8,15,17,21,33,2
262,Wed,Jan,7th,2004,3,25,26,28,32,4
263,Sat,Jan,10th,2004,4,10,22,25,30,1
264,Wed,Jan,14th,2004,5,13,14,17,31,1
265,Sat,Jan,17th,2004,13,22,23,31,33,1
266,Wed,Jan,21st,2004,14,25,27,28,29,8
267,Sat,Jan,24th,2004,2,4,10,13,36,3
268,Wed,Jan,28th,2004,17,20,29,35,36,6
269,Sat,Jan,31st,2004,7,9,13,15,21,7
270,Wed,Feb,4th,2004,4,8,11,18,25,9
271,Sat,Feb,7th,2004,2,10,17,33,34,9
272,Wed,Feb,11th,2004,2,16,20,26,29,8
273,Sat,Feb,14th,2004,2,4,15,16,24,2
274,Wed,Feb,18th,2004,5,8,29,30,33,1
275,Sat,Feb,21st,2004,13,23,26,29,34,7
276,Wed,Feb,25th,2004,2,4,7,23,33,6
277,Sat,Feb,28th,2004,3,9,16,34,36,3
278,Wed,Mar,3rd,2004,2,3,17,22,30,9
279,Sat,Mar,6th,2004,2,7,12,32,33,8
280,Wed,Mar,10th,2004,3,8,23,29,32,7
281,Sat,Mar,13th,2004,7,14,19,22,34,7
282,Wed,Mar,17th,2004,7,9,11,17,21,1
283,Sat,Mar,20th,2004,3,16,17,18,33,1
284,Wed,Mar,24th,2004,2,13,17,19,30,8
285,Sat,Mar,27th,2004,1,5,16,19,34,9
286,Wed,Mar,31st,2004,1,11,15,26,33,10
287,Sat,Apr,3rd,2004,3,12,24,26,35,6
288,Wed,Apr,7th,2004,20,22,30,31,36,10
289,Sat,Apr,10th,2004,5,7,11,19,36,5
290,Wed,Apr,14th,2004,1,6,9,21,27,9
291,Sat,Apr,17th,2004,1,12,20,22,27,9
292,Wed,Apr,21st,2004,9,19,23,27,35,2
293,Sat,Apr,24th,2004,4,5,9,16,28,1
294,Wed,Apr,28th,2004,4,10,16,20,33,5
295,Sat,May,1st,2004,1,7,11,24,30,9
296,Wed,May,5th,2004,4,6,20,22,28,4
297,Sat,May,8th,2004,4,5,23,25,27,10
298,Wed,May,12th,2004,4,11,14,22,27,5
299,Sat,May,15th,2004,9,12,28,30,31,3
300,Wed,May,19th,2004,19,31,32,35,36,3
301,Sat,May,22nd,2004,8,17,28,30,33,2
302,Wed,May,26th,2004,5,20,24,27,30,8
303,Sat,May,29th,2004,2,4,21,24,36,3
304,Wed,Jun,2nd,2004,5,9,22,25,34,7
305,Sat,Jun,5th,2004,1,2,11,16,21,7
306,Wed,Jun,9th,2004,4,6,7,20,27,3
307,Sat,Jun,12th,2004,17,25,29,32,35,9
308,Wed,Jun,16th,2004,4,6,23,35,36,6
309,Sat,Jun,19th,2004,1,15,20,23,27,7
310,Wed,Jun,23rd,2004,4,7,8,26,32,1
311,Sat,Jun,26th,2004,1,3,7,9,26,6
312,Wed,Jun,30th,2004,8,13,22,24,36,5
313,Sat,Jul,3rd,2004,10,17,23,29,32,6
314,Wed,Jul,7th,2004,10,13,17,18,28,8
315,Sat,Jul,10th,2004,3,5,18,20,27,5
316,Wed,Jul,14th,2004,10,20,22,31,33,7
317,Sat,Jul,17th,2004,6,8,17,23,33,2
318,Wed,Jul,21st,2004,7,8,20,29,35,3
319,Sat,Jul,24th,2004,11,16,27,29,32,2
320,Wed,Jul,28th,2004,4,17,20,29,35,4
321,Sat,Jul,31st,2004,8,10,18,22,33,6
322,Wed,Aug,4th,2004,10,14,15,23,31,8
323,Sat,Aug,7th,2004,13,17,21,22,35,10
324,Wed,Aug,11th,2004,9,11,25,30,31,7
325,Sat,Aug,14th,2004,4,5,23,24,32,10
326,Wed,Aug,18th,2004,1,4,8,25,35,7
327,Sat,Aug,21st,2004,4,23,34,35,36,5
328,Wed,Aug,25th,2004,11,15,20,25,34,10
329,Sat,Aug,28th,2004,3,18,24,28,30,6
330,Wed,Sep,1st,2004,7,9,10,18,19,10
331,Sat,Sep,4th,2004,2,13,19,32,33,4
332,Wed,Sep,8th,2004,7,8,11,17,24,5
333,Sat,Sep,11th,2004,4,5,12,15,18,9
334,Wed,Sep,15th,2004,12,28,32,33,34,9
335,Sat,Sep,18th,2004,1,18,24,31,33,2
336,Wed,Sep,22nd,2004,4,11,23,31,35,9
337,Sat,Sep,25th,2004,2,5,26,30,35,2
338,Wed,Sep,29th,2004,3,9,17,23,28,8
339,Sat,Oct,2nd,2004,8,12,14,21,34,4
340,Wed,Oct,6th,2004,2,21,29,32,36,3
341,Sat,Oct,9th,2004,5,13,19,25,36,9
342,Wed,Oct,13th,2004,1,6,18,20,34,8
343,Sat,Oct,16th,2004,4,9,16,26,28,9
344,Wed,Oct,20th,2004,4,7,16,27,35,5
345,Sat,Oct,23rd,2004,8,25,29,30,32,6
346,Wed,Oct,27th,2004,9,12,16,25,33,9
347,Sat,Oct,30th,2004,1,5,10,24,28,10
348,Wed,Nov,3rd,2004,1,5,12,23,27,5
349,Sat,Nov,6th,2004,1,11,12,20,25,1
350,Wed,Nov,10th,2004,9,12,15,20,25,3
351,Sat,Nov,13th,2004,17,24,25,26,28,9
352,Wed,Nov,17th,2004,11,16,20,24,26,4
353,Sat,Nov,20th,2004,1,6,9,16,34,4
354,Wed,Nov,24th,2004,1,9,11,22,25,10
355,Sat,Nov,27th,2004,11,13,22,25,26,9
356,Wed,Dec,1st,2004,14,16,18,23,30,4
357,Sat,Dec,4th,2004,3,5,19,22,28,4
358,Wed,Dec,8th,2004,9,10,18,22,32,10
359,Sat,Dec,11th,2004,8,9,12,19,36,5
360,Wed,Dec,15th,2004,5,6,10,26,34,1
361,Sat,Dec,18th,2004,1,5,14,26,33,1
362,Wed,Dec,22nd,2004,17,21,23,25,33,2
363,Sat,Dec,24th,2004,9,13,20,29,33,6
364,Wed,Dec,29th,2004,1,2,6,7,34,8
365,Sat,Jan,1st,2005,4,11,12,21,26,9
366,Wed,Jan,5th,2005,3,25,32,34,36,7
367,Sat,Jan,8th,2005,2,4,22,23,24,8
368,Wed,Jan,12th,2005,9,13,23,28,29,8
369,Sat,Jan,15th,2005,19,20,21,29,33,9
370,Wed,Jan,19th,2005,1,5,11,19,27,2
371,Sat,Jan,22nd,2005,1,3,7,10,30,4
372,Wed,Jan,26th,2005,9,16,20,26,34,5
373,Sat,Jan,29th,2005,8,13,20,35,36,7
374,Wed,Feb,2nd,2005,12,16,19,21,23,5
375,Sat,Feb,5th,2005,19,21,25,29,34,7
376,Wed,Feb,9th,2005,14,17,22,23,36,6
377,Sat,Feb,12th,2005,1,4,19,30,35,6
378,Wed,Feb,16th,2005,1,4,11,12,27,3
379,Sat,Feb,19th,2005,7,9,12,18,22,2
380,Wed,Feb,23rd,2005,9,10,17,20,35,6
381,Sat,Feb,26th,2005,2,7,10,12,16,7
382,Wed,Mar,2nd,2005,4,6,17,33,36,8
383,Sat,Mar,5th,2005,1,4,5,25,33,4
384,Wed,Mar,9th,2005,11,15,16,19,33,1
385,Sat,Mar,12th,2005,8,12,13,18,32,6
386,Wed,Mar,16th,2005,19,20,25,30,34,4
387,Sat,Mar,19th,2005,3,7,17,19,36,6
388,Wed,Mar,23rd,2005,12,16,18,25,30,6
389,Sat,Mar,26th,2005,7,9,24,28,30,4
390,Wed,Mar,31st,2005,3,8,22,27,31,6
391,Sat,Apr,2nd,2005,8,15,19,25,29,6
392,Wed,Apr,6th,2005,10,12,28,29,31,4
393,Sat,Apr,9th,2005,3,5,15,33,34,10
394,Wed,Apr,13th,2005,5,14,25,27,35,5
395,Sat,Apr,16th,2005,4,10,16,18,31,4
396,Wed,Apr,20th,2005,3,7,12,24,35,4
397,Sat,Apr,23rd,2005,1,5,6,15,24,3
398,Wed,Apr,27th,2005,7,14,30,31,36,1
399,Sat,Apr,30th,2005,1,2,10,13,16,6
400,Wed,May,4th,2005,5,8,20,25,29,10
401,Sat,May,7th,2005,1,16,20,21,34,10
402,Wed,May,11th,2005,2,8,20,30,33,3
403,Sat,May,14th,2005,2,10,15,16,29,5
404,Wed,May,18th,2005,9,15,26,29,33,7
405,Sat,May,21st,2005,7,15,17,22,24,8
406,Wed,May,25th,2005,1,9,14,15,20,2
407,Sat,May,28th,2005,2,24,31,34,35,6
408,Wed,Jun,1st,2005,4,13,14,29,30,8
409,Sat,Jun,4th,2005,1,5,15,21,31,7
410,Wed,Jun,8th,2005,4,19,20,32,34,3
411,Sat,Jun,11th,2005,5,12,34,35,36,10
412,Wed,Jun,15th,2005,3,11,13,14,35,8
413,Sat,Jun,18th,2005,7,9,12,13,15,4
414,Wed,Jun,22nd,2005,3,10,13,31,35,10
415,Sat,Jun,25th,2005,14,17,23,24,25,2
416,Wed,Jun,29th,2005,16,17,21,33,34,2
417,Sat,Jul,2nd,2005,13,28,29,30,36,2
418,Wed,Jul,6th,2005,5,12,15,19,25,8
419,Sat,Jul,9th,2005,11,13,14,17,24,8
420,Sat,Jul,16th,2005,4,30,31,33,34,4
421,Wed,Jul,20th,2005,3,15,22,31,34,4
422,Sat,Jul,23rd,2005,13,14,19,22,26,4
423,Wed,Jul,27th,2005,16,17,20,23,26,10
424,Sat,Jul,30th,2005,6,7,15,28,32,10
425,Wed,Aug,3rd,2005,1,6,10,22,24,9
426,Sat,Aug,6th,2005,4,7,10,14,15,10
427,Wed,Aug,10th,2005,12,17,27,32,36,2
428,Sat,Aug,13th,2005,4,15,16,30,36,2
429,Wed,Aug,17th,2005,1,4,15,23,29,3
430,Sat,Aug,20th,2005,6,9,15,21,23,2
431,Wed,Aug,24th,2005,1,2,12,32,36,7
432,Sat,Aug,27th,2005,2,13,16,32,33,1
433,Wed,Aug,31st,2005,3,14,26,29,30,7
434,Sat,Sep,3rd,2005,14,19,24,29,34,2
435,Wed,Sep,7th,2005,1,4,5,19,22,7
436,Sat,Sep,10th,2005,5,6,13,31,36,8
437,Wed,Sep,14th,2005,1,14,15,25,28,2
438,Sat,Sep,17th,2005,9,13,15,22,31,4
439,Wed,Sep,21st,2005,4,9,18,24,32,2
440,Sat,Sep,24th,2005,2,4,27,31,35,1
441,Wed,Sep,28th,2005,8,18,28,31,32,2
442,Sat,Oct,1st,2005,2,5,8,19,30,6
443,Wed,Oct,5th,2005,4,7,28,31,33,1
444,Sat,Oct,8th,2005,5,11,16,32,34,4
445,Wed,Oct,12th,2005,12,22,24,30,36,7
446,Sat,Oct,15th,2005,5,11,18,21,22,7
447,Wed,Oct,19th,2005,2,14,27,35,36,5
448,Sat,Oct,22nd,2005,3,8,18,28,34,3
449,Wed,Oct,26th,2005,1,3,8,13,26,10
450,Sat,Oct,29th,2005,9,12,17,25,36,9
451,Wed,Nov,2nd,2005,4,13,18,26,35,8
452,Sat,Nov,5th,2005,1,16,28,33,36,5
453,Wed,Nov,9th,2005,1,10,27,31,34,8
454,Sat,Nov,12th,2005,6,8,17,19,21,6
455,Wed,Nov,16th,2005,12,15,22,24,26,7
456,Sat,Nov,19th,2005,6,20,22,27,34,2
457,Wed,Nov,23rd,2005,7,11,18,24,32,6
458,Sat,Nov,26th,2005,5,7,24,35,36,4
459,Wed,Nov,30th,2005,6,24,30,32,36,7
460,Sat,Dec,3rd,2005,17,18,28,29,32,10
461,Wed,Dec,7th,2005,1,10,22,27,34,7
462,Sat,Dec,10th,2005,1,7,10,20,26,2
463,Wed,Dec,14th,2005,8,12,22,24,34,5
464,Sat,Dec,17th,2005,6,16,19,20,34,2
465,Wed,Dec,21st,2005,7,11,15,17,34,7
466,Sat,Dec,24th,2005,7,13,15,19,34,7
467,Wed,Dec,28th,2005,2,15,21,28,36,5
468,Sat,Dec,31st,2005,4,8,21,27,35,7
469,Wed,Jan,4th,2006,4,12,19,25,30,5
470,Sat,Jan,7th,2006,3,4,7,16,27,6
471,Wed,Jan,11th,2006,12,19,24,34,35,2
472,Sat,Jan,14th,2006,1,2,8,14,16,7
473,Wed,Jan,18th,2006,12,13,17,27,32,4
474,Sat,Jan,21st,2006,11,20,31,32,33,8
475,Wed,Jan,25th,2006,3,4,13,15,35,10
476,Sat,Jan,28th,2006,6,24,30,31,35,3
477,Wed,Feb,1st,2006,1,14,31,34,35,9
478,Sat,Feb,4th,2006,3,15,22,29,34,6
479,Wed,Feb,8th,2006,2,3,21,23,29,6
480,Sat,Feb,11th,2006,8,13,15,22,23,7
481,Wed,Feb,15th,2006,6,17,24,26,28,5
482,Sat,Feb,18th,2006,13,15,19,34,36,5
483,Wed,Feb,22nd,2006,3,5,27,31,35,6
484,Sat,Feb,25th,2006,2,8,25,26,32,4
485,Wed,Mar,1st,2006,3,11,18,28,29,5
486,Sat,Mar,4th,2006,17,21,31,34,35,2
487,Wed,Mar,8th,2006,3,4,9,18,35,5
488,Sat,Mar,11th,2006,2,5,7,8,27,6
489,Wed,Mar,15th,2006,10,27,31,34,35,7
490,Sat,Mar,18th,2006,3,6,16,21,27,8
491,Wed,Mar,22nd,2006,6,28,29,34,35,4
492,Sat,Mar,25th,2006,11,15,21,25,26,9
493,Wed,Mar,29th,2006,7,21,22,27,36,3
494,Sat,Apr,1st,2006,7,10,13,17,28,6
495,Wed,Apr,5th,2006,2,12,18,27,33,3
496,Sat,Apr,8th,2006,9,19,24,29,31,2
497,Wed,Apr,12th,2006,13,23,29,30,36,9
498,Sat,Apr,15th,2006,4,11,12,15,17,6
499,Wed,Apr,19th,2006,10,24,25,26,30,5
500,Sat,Apr,22nd,2006,11,17,23,27,28,6
501,Wed,Apr,26th,2006,5,7,11,13,25,5
502,Sat,Apr,29th,2006,5,14,19,22,29,10
503,Wed,May,3rd,2006,13,20,26,29,36,2
504,Sat,May,6th,2006,7,14,15,19,21,8
505,Wed,May,10th,2006,11,20,26,28,30,4
506,Sat,May,13th,2006,1,3,21,22,24,9
507,Wed,May,17th,2006,2,3,15,23,28,2
508,Sat,May,20th,2006,4,10,17,30,34,2
509,Wed,May,24th,2006,7,19,29,32,35,4
510,Sat,May,27th,2006,4,8,13,20,31,4
511,Wed,May,31st,2006,5,25,31,33,36,8
512,Sat,Jun,3rd,2006,1,3,18,25,33,9
513,Wed,Jun,7th,2006,11,18,24,25,26,5
514,Sat,Jun,10th,2006,1,16,20,23,34,3
515,Wed,Jun,14th,2006,20,22,29,35,36,2
516,Sat,Jun,17th,2006,7,18,24,30,33,7
517,Wed,Jun,21st,2006,9,18,19,20,29,8
518,Sat,Jun,24th,2006,1,6,23,27,31,1
519,Wed,Jun,28th,2006,7,8,12,23,24,8
520,Sat,Jul,1st,2006,13,18,24,27,32,6
521,Wed,Jul,5th,2006,18,20,26,27,29,4
522,Sat,Jul,8th,2006,9,19,20,31,34,1
523,Wed,Jul,12th,2006,15,18,19,24,33,8
524,Sat,Jul,15th,2006,22,25,34,35,36,10
525,Wed,Jul,19th,2006,20,26,28,29,36,4
526,Sat,Jul,22nd,2006,7,10,15,23,25,10
527,Wed,Jul,26th,2006,1,13,22,33,34,9
528,Sat,Jul,29th,2006,9,13,17,23,34,5
529,Wed,Aug,2nd,2006,1,20,26,28,33,6
530,Sat,Aug,5th,2006,1,13,16,23,29,7
531,Wed,Aug,9th,2006,18,19,26,34,36,3
532,Sat,Aug,12th,2006,15,16,21,28,29,3
533,Wed,Aug,16th,2006,6,10,11,21,30,3
534,Sat,Aug,19th,2006,5,6,7,15,18,9
535,Wed,Aug,23rd,2006,6,11,12,17,28,3
536,Sat,Aug,26th,2006,9,12,17,22,29,3
537,Wed,Aug,30th,2006,3,6,8,17,31,9
538,Sat,Sep,2nd,2006,1,15,18,24,29,3
539,Wed,Sep,6th,2006,5,10,31,35,36,5
540,Sat,Sep,9th,2006,7,8,26,27,35,1
541,Wed,Sep,13th,2006,9,12,13,14,25,8
542,Sat,Sep,16th,2006,11,14,15,22,33,6
543,Wed,Sep,20th,2006,16,19,24,26,33,4
544,Sat,Sep,23rd,2006,7,12,15,18,28,10
545,Wed,Sep,27th,2006,5,16,24,31,35,10
546,Sat,Sep,30th,2006,8,15,16,18,23,3
547,Wed,Oct,4th,2006,5,6,20,31,34,1
548,Sat,Oct,7th,2006,8,24,27,29,35,1
549,Wed,Oct,11th,2006,6,15,20,25,30,5
550,Sat,Oct,14th,2006,1,11,14,17,23,4
551,Wed,Oct,18th,2006,2,3,8,22,27,2
552,Sat,Oct,20th,2006,11,15,21,27,30,7
553,Wed,Oct,25th,2006,10,19,26,27,34,5
554,Sat,Oct,28th,2006,1,10,19,30,35,1
555,Wed,Nov,1st,2006,1,11,13,19,26,7
556,Sat,Nov,4th,2006,3,11,13,16,31,2
557,Wed,Nov,8th,2006,6,7,30,31,34,3
558,Sat,Nov,11th,2006,16,19,22,27,29,7
559,Wed,Nov,15th,2006,5,11,19,24,27,6
560,Sat,Nov,18th,2006,10,11,18,23,32,3
561,Wed,Nov,22nd,2006,9,13,15,19,33,7
562,Sat,Nov,25th,2006,1,11,15,17,31,5
563,Wed,Nov,29th,2006,7,24,30,31,36,10
564,Sat,Dec,2nd,2006,3,11,14,21,31,4
565,Wed,Dec,6th,2006,1,7,19,29,36,8
566,Sat,Dec,9th,2006,8,10,16,18,25,9
567,Wed,Dec,13th,2006,14,25,29,34,35,9
568,Sat,Dec,16th,2006,4,5,21,28,34,5
569,Wed,Dec,20th,2006,3,12,13,27,28,9
570,Sat,Dec,23rd,2006,14,17,19,21,26,6
571,Wed,Dec,27th,2006,8,17,21,24,29,7
572,Sat,Dec,30th,2006,2,23,25,29,33,1
573,Wed,Jan,3rd,2007,2,4,8,10,14,8
574,Sat,Jan,6th,2007,17,18,23,28,34,5
575,Wed,Jan,10th,2007,11,19,23,32,34,5
576,Sat,Jan,13th,2007,3,4,5,7,25,6
577,Wed,Jan,17th,2007,1,5,6,25,35,1
578,Sat,Jan,20th,2007,4,18,19,32,36,6
579,Wed,Jan,24th,2007,6,15,17,32,35,10
580,Sat,Jan,27th,2007,7,9,10,19,32,9
581,Wed,Jan,31st,2007,9,11,25,29,30,10
582,Sat,Feb,3rd,2007,4,9,13,17,33,5
583,Wed,Feb,7th,2007,3,10,18,19,35,3
584,Sat,Feb,10th,2007,14,16,19,27,34,2
585,Wed,Feb,14th,2007,8,27,29,33,36,8
586,Sat,Feb,17th,2007,12,15,18,21,35,10
587,Wed,Feb,21st,2007,11,14,18,23,29,10
588,Sat,Feb,24th,2007,6,9,24,25,28,4
589,Wed,Feb,28th,2007,7,9,14,30,34,5
590,Sat,Mar,3rd,2007,2,4,15,25,35,9
591,Wed,Mar,7th,2007,2,14,25,26,36,2
592,Sat,Mar,10th,2007,16,24,25,29,34,7
593,Wed,Mar,14th,2007,4,10,28,32,34,10
594,Sat,Mar,17th,2007,2,5,22,33,34,4
595,Wed,Mar,21st,2007,6,17,24,28,33,4
596,Sat,Mar,24th,2007,14,18,25,31,32,5
597,Wed,Mar,28th,2007,4,18,20,24,33,5
598,Sat,Mar,31st,2007,4,9,14,25,28,1
599,Wed,Apr,4th,2007,21,23,24,28,29,1
600,Sat,Apr,7th,2007,7,14,21,23,30,9
601,Wed,Apr,11th,2007,13,15,18,30,35,9
602,Sat,Apr,14th,2007,18,23,25,33,35,7
603,Wed,Apr,18th,2007,2,6,12,13,32,5
604,Sat,Apr,21st,2007,13,15,18,33,34,4
605,Wed,Apr,25th,2007,4,8,9,16,36,10
606,Sat,Apr,28th,2007,3,11,14,26,34,8
607,Wed,May,2nd,2007,6,9,10,26,33,2
608,Sat,May,5th,2007,5,10,11,25,32,7
609,Wed,May,9th,2007,2,6,9,10,14,10
610,Sat,May,12th,2007,13,25,27,32,34,7
611,Wed,May,16th,2007,6,14,17,19,24,6
612,Sat,May,19th,2007,4,11,16,26,32,10
613,Wed,May,23rd,2007,11,14,26,27,30,1
614,Sat,May,26th,2007,1,2,4,14,36,9
615,Wed,May,30th,2007,3,10,21,24,35,9
616,Sat,Jun,2nd,2007,8,13,17,18,24,4
617,Wed,Jun,6th,2007,6,12,27,29,36,10
618,Sat,Jun,9th,2007,6,7,11,14,34,1
619,Wed,Jun,13th,2007,5,7,16,20,23,5
620,Sat,Jun,16th,2007,1,7,18,19,27,4
621,Wed,Jun,20th,2007,4,7,9,14,26,5
622,Sat,Jun,23rd,2007,7,9,24,32,36,7
623,Wed,Jun,27th,2007,5,12,13,16,27,9
624,Sat,Jun,30th,2007,5,7,9,22,24,7
625,Wed,Jul,4th,2007,2,3,21,25,34,8
626,Sat,Jul,7th,2007,18,28,29,34,36,2
627,Wed,Jul,11th,2007,1,14,15,25,35,6
628,Sat,Jul,14th,2007,8,14,24,30,31,10
629,Wed,Jul,18th,2007,11,18,24,33,34,2
630,Sat,Jul,21st,2007,7,19,20,24,32,10
631,Wed,Jul,25th,2007,8,26,27,28,36,1
632,Sat,Jul,28th,2007,5,9,20,22,24,9
633,Wed,Aug,1st,2007,2,9,27,28,31,4
634,Sat,Aug,4th,2007,5,8,21,22,26,3
635,Wed,Aug,8th,2007,2,11,26,27,29,2
636,Sat,Aug,11th,2007,5,8,15,16,34,6
637,Wed,Aug,15th,2007,6,8,13,15,36,6
638,Sat,Aug,18th,2007,4,13,19,20,27,10
639,Wed,Aug,22nd,2007,3,9,26,28,34,6
640,Sat,Aug,25th,2007,3,5,16,17,27,1
641,Wed,Aug,29th,2007,5,6,7,9,27,10
642,Sat,Sep,1st,2007,15,19,23,28,31,7
643,Wed,Sep,5th,2007,1,22,24,28,32,7
644,Sat,Sep,8th,2007,4,5,6,18,29,1
645,Wed,Sep,12th,2007,2,8,17,27,32,5
646,Sat,Sep,15th,2007,1,6,11,21,24,8
647,Wed,Sep,19th,2007,16,22,26,29,31,10
648,Sat,Sep,22nd,2007,14,18,22,27,31,9
649,Wed,Sep,26th,2007,3,8,14,31,36,10
650,Sat,Sep,29th,2007,3,5,7,21,25,7
651,Wed,Oct,3rd,2007,12,14,15,24,32,1
652,Sat,Oct,6th,2007,9,20,24,28,34,5
653,Wed,Oct,10th,2007,3,13,18,29,33,1
654,Sat,Oct,12th,2007,3,5,8,23,34,5
655,Wed,Oct,17th,2007,4,10,12,15,23,6
656,Sat,Oct,20th,2007,6,17,19,27,32,8
657,Wed,Oct,24th,2007,2,6,8,24,35,9
658,Sat,Oct,27th,2007,12,25,26,28,34,3
659,Wed,Oct,31st,2007,1,9,18,27,34,2
660,Sat,Nov,3rd,2007,3,4,21,27,33,3
661,Wed,Nov,7th,2007,14,19,21,27,28,1
662,Sat,Nov,10th,2007,1,21,26,33,35,9
663,Wed,Nov,14th,2007,2,5,15,20,23,5
664,Sat,Nov,17th,2007,3,7,18,25,33,10
665,Wed,Nov,21st,2007,2,4,12,19,30,7
666,Sat,Nov,24th,2007,3,11,16,33,35,8
667,Wed,Nov,28th,2007,1,12,16,27,29,1
668,Sat,Dec,1st,2007,16,19,23,24,35,7
669,Wed,Dec,5th,2007,5,25,32,35,36,1
670,Sat,Dec,8th,2007,1,4,7,12,21,5
671,Wed,Dec,12th,2007,26,27,28,31,32,3
672,Sat,Dec,15th,2007,4,5,12,13,18,8
673,Wed,Dec,19th,2007,8,12,13,15,36,6
674,Sat,Dec,22nd,2007,5,7,9,11,28,7
675,Wed,Dec,26th,2007,1,12,23,28,29,4
676,Sat,Dec,29th,2007,12,20,22,28,32,9
677,Wed,Jan,2nd,2008,2,7,13,23,25,3
678,Sat,Jan,5th,2008,11,12,14,16,35,5
679,Wed,Jan,9th,2008,1,6,13,30,34,5
680,Sat,Jan,12th,2008,4,5,19,21,33,4
681,Wed,Jan,16th,2008,7,18,28,29,30,2
682,Sat,Jan,19th,2008,1,11,12,16,20,7
683,Wed,Jan,23rd,2008,7,14,21,29,35,1
684,Sat,Jan,26th,2008,12,20,29,35,36,9
685,Wed,Jan,30th,2008,10,22,26,27,35,10
686,Sat,Feb,2nd,2008,4,5,22,29,34,1
687,Wed,Feb,6th,2008,2,7,15,16,23,4
688,Sat,Feb,9th,2008,5,7,11,12,18,6
689,Wed,Feb,13th,2008,6,10,11,22,25,9
690,Sat,Feb,16th,2008,4,9,17,19,26,6
691,Wed,Feb,20th,2008,4,10,11,15,17,5
692,Sat,Feb,23rd,2008,6,13,16,17,26,1
693,Wed,Feb,27th,2008,1,2,8,27,33,9
694,Sat,Mar,4th,2008,6,8,13,18,21,4
695,Wed,Mar,5th,2008,7,10,17,33,34,6
696,Sat,Mar,8th,2008,3,18,20,27,31,2
697,Wed,Mar,12th,2008,3,15,29,30,32,2
698,Sat,Mar,15th,2008,3,6,8,16,30,1
699,Wed,Mar,19th,2008,9,10,12,19,21,6
700,Sat,Mar,22nd,2008,1,8,9,19,30,6
701,Wed,Mar,26th,2008,9,28,31,32,33,6
702,Sat,Mar,29th,2008,1,3,6,30,32,3
703,Wed,Apr,2nd,2008,14,20,26,29,32,7
704,Sat,Apr,5th,2008,5,10,11,23,36,4
705,Wed,Apr,9th,2008,4,16,24,31,33,7
706,Sat,Apr,12th,2008,10,26,29,35,36,8
707,Wed,Apr,16th,2008,9,18,20,25,28,8
708,Sat,Apr,19th,2008,17,20,21,23,34,10
709,Wed,Apr,23rd,2008,3,9,10,28,34,8
710,Sat,Apr,26th,2008,2,11,19,21,28,10
711,Wed,Apr,30th,2008,20,22,28,34,35,2
712,Sat,May,3rd,2008,9,16,20,30,34,3
713,Wed,May,7th,2008,1,23,25,34,35,1
714,Sat,May,10th,2008,8,11,13,24,31,5
715,Wed,May,14th,2008,2,10,22,24,29,6
716,Sat,May,17th,2008,2,8,27,32,34,3
717,Wed,May,21st,2008,13,14,15,26,28,4
718,Sat,May,24th,2008,4,5,13,29,32,2
719,Wed,May,28th,2008,1,19,20,29,31,6
720,Sat,May,31st,2008,2,5,16,18,19,5
721,Wed,Jun,4th,2008,2,5,26,27,30,10
722,Sat,Jun,7th,2008,3,13,18,31,34,10
723,Wed,Jun,11th,2008,7,10,25,34,36,6
724,Sat,Jun,14th,2008,8,14,18,31,36,1
725,Wed,Jun,18th,2008,12,25,27,32,36,2
726,Sat,Jun,21st,2008,12,14,16,30,35,6
727,Wed,Jun,25th,2008,5,19,24,27,28,2
728,Sat,Jun,28th,2008,4,18,24,28,33,7
729,Wed,Jul,2nd,2008,11,15,17,30,35,4
730,Sat,Jul,5th,2008,3,6,10,21,28,5
731,Wed,Jul,9th,2008,2,3,10,14,15,2
732,Sat,Jul,12th,2008,3,10,11,14,17,5
733,Wed,Jul,16th,2008,4,6,9,34,35,9
734,Sat,Jul,19th,2008,18,19,20,28,34,9
735,Wed,Jul,23rd,2008,12,28,32,33,35,10
736,Sat,Jul,26th,2008,6,15,29,32,33,3
737,Wed,Jul,30th,2008,1,4,10,12,28,6
738,Sat,Aug,2nd,2008,6,15,19,26,33,9
739,Wed,Aug,6th,2008,1,4,10,16,21,2
740,Sat,Aug,9th,2008,5,8,14,24,25,10
741,Wed,Aug,13th,2008,8,11,24,29,31,10
742,Sat,Aug,16th,2008,12,18,27,30,32,6
743,Wed,Aug,20th,2008,12,27,28,30,33,4
744,Sat,Aug,23rd,2008,10,14,26,28,31,2
745,Wed,Aug,27th,2008,10,14,16,19,25,10
746,Sat,Aug,30th,2008,15,18,22,28,30,8
747,Wed,Sep,3rd,2008,5,14,19,24,28,5
748,Sat,Sep,6th,2008,4,6,20,35,36,6
749,Wed,Sep,10th,2008,4,16,19,20,31,10
750,Sat,Sep,13th,2008,1,4,7,8,29,2
751,Wed,Sep,17th,2008,5,6,15,27,31,3
752,Sat,Sep,20th,2008,13,19,26,32,35,9
753,Wed,Sep,24th,2008,8,16,17,23,35,4
754,Sat,Sep,27th,2008,15,26,33,34,36,5
755,Wed,Sep,30th,2008,9,12,17,20,36,5
756,Sat,Oct,4th,2008,2,7,10,18,26,7
757,Wed,Oct,7th,2008,18,22,26,30,32,2
758,Sat,Oct,11th,2008,4,11,31,32,36,2
759,Wed,Oct,15th,2008,14,19,22,23,31,5
760,Sat,Oct,18th,2008,4,8,9,24,34,5
761,Wed,Oct,22nd,2008,12,16,20,29,32,6
762,Sat,Oct,25th,2008,10,17,21,31,33,10
763,Wed,Oct,29th,2008,14,15,16,30,33,2
764,Sat,Nov,1st,2008,12,13,22,30,33,3
765,Wed,Nov,5th,2008,6,9,12,15,32,4
766,Sat,Nov,8th,2008,1,2,12,31,36,6
767,Wed,Nov,12th,2008,2,9,14,22,23,5
768,Sat,Nov,15th,2008,9,21,22,26,29,5
769,Wed,Nov,19th,2008,5,13,17,22,29,4
770,Sat,Nov,22nd,2008,6,16,29,32,34,8
771,Wed,Nov,26th,2008,8,12,13,23,24,9
772,Sat,Nov,29th,2008,7,13,14,16,32,4
773,Wed,Dec,3rd,2008,10,13,14,25,35,10
774,Sat,Dec,6th,2008,10,11,13,17,19,8
775,Wed,Dec,10th,2008,1,6,20,22,36,3
776,Sat,Dec,13th,2008,20,27,29,32,35,4
777,Wed,Dec,17th,2008,1,6,16,22,31,1
778,Sat,Dec,20th,2008,4,16,17,18,28,7
779,Wed,Dec,24th,2008,5,9,18,26,35,10
780,Sat,Dec,27th,2008,19,21,25,30,32,3
781,Wed,Dec,31st,2008,8,23,25,27,28,4
782,Sat,Jan,3rd,2009,3,16,28,30,34,3
783,Wed,Jan,7th,2009,11,17,20,31,33,5
784,Sat,Jan,10th,2009,2,6,11,16,27,6
785,Wed,Jan,14th,2009,12,17,18,32,36,6
786,Sat,Jan,17th,2009,3,21,29,35,36,2
787,Wed,Jan,21st,2009,3,4,5,13,15,9
788,Sat,Jan,24th,2009,4,6,11,16,35,4
789,Wed,Jan,28th,2009,3,7,28,35,36,10
790,Sat,Jan,31st,2009,20,24,27,34,36,10
791,Wed,Feb,4th,2009,7,11,15,16,30,8
792,Sat,Feb,7th,2009,1,5,17,28,30,7
793,Wed,Feb,11th,2009,9,14,24,26,31,10
794,Sat,Feb,14th,2009,7,9,13,14,17,2
795,Wed,Feb,18th,2009,7,14,25,28,33,10
796,Sat,Feb,21st,2009,6,7,29,33,36,3
797,Wed,Feb,25th,2009,12,13,17,27,28,1
798,Sat,Feb,28th,2009,1,5,13,17,29,9
799,Wed,Mar,4th,2009,2,3,6,9,11,1
800,Sat,Mar,7th,2009,13,20,26,30,32,5
801,Wed,Mar,11th,2009,7,21,27,29,33,8
802,Sat,Mar,14th,2009,12,17,21,24,30,1
803,Wed,Mar,18th,2009,3,16,21,28,36,3
804,Sat,Mar,21st,2009,5,20,25,30,32,6
805,Wed,Mar,25th,2009,5,7,18,20,21,8
806,Sat,Mar,28th,2009,8,16,18,20,23,9
807,Wed,Apr,1st,2009,4,7,9,29,36,5
808,Sat,Apr,4th,2009,7,8,19,20,36,8
809,Wed,Apr,8th,2009,26,27,31,35,36,8
810,Sat,Apr,11th,2009,10,16,17,20,22,10
811,Wed,Apr,15th,2009,3,15,16,32,34,2
812,Sat,Apr,18th,2009,1,12,28,31,33,1
813,Wed,Apr,22nd,2009,13,14,18,32,34,1
814,Sat,Apr,25th,2009,1,6,16,22,29,8
815,Wed,Apr,29th,2009,2,3,4,31,33,7
816,Sat,May,2nd,2009,3,14,17,22,23,9
817,Wed,May,6th,2009,1,3,4,25,28,1
818,Sat,May,9th,2009,7,21,24,28,35,4
819,Wed,May,13th,2009,26,27,32,34,36,2
820,Sat,May,16th,2009,2,26,27,31,35,7
821,Wed,May,20th,2009,9,14,15,17,26,4
822,Sat,May,23rd,2009,11,12,13,14,20,2
823,Wed,May,27th,2009,2,19,21,25,32,8
824,Sat,May,30th,2009,14,15,21,22,33,2
825,Wed,Jun,3rd,2009,5,9,11,21,22,8
826,Sat,Jun,6th,2009,3,13,14,23,33,5
827,Wed,Jun,10th,2009,4,12,13,16,33,9
828,Sat,Jun,13th,2009,3,6,10,16,33,6
829,Wed,Jun,17th,2009,6,11,18,19,34,5
830,Sat,Jun,20th,2009,1,10,12,18,19,8
831,Wed,Jun,24th,2009,6,12,13,26,29,8
832,Sat,Jun,27th,2009,4,5,8,20,21,10
833,Wed,Jul,1st,2009,4,26,29,35,36,7
834,Sat,Jul,4th,2009,2,10,14,32,36,7
835,Wed,Jul,8th,2009,17,21,28,31,33,2
836,Sat,Jul,11th,2009,9,11,20,21,25,10
837,Wed,Jul,15th,2009,3,8,18,26,30,9
838,Sat,Jul,18th,2009,10,11,19,34,35,7
839,Wed,Jul,22nd,2009,2,13,14,19,24,5
840,Sat,Jul,25th,2009,15,19,30,31,33,2
841,Wed,Jul,29th,2009,2,5,9,25,31,6
842,Sat,Aug,1st,2009,16,19,23,32,34,5
843,Wed,Aug,5th,2009,2,4,22,26,36,10
844,Sat,Aug,8th,2009,15,18,21,26,27,9
845,Wed,Aug,12th,2009,6,10,27,29,35,2
846,Sat,Aug,15th,2009,4,10,23,25,32,4
847,Wed,Aug,19th,2009,2,12,27,35,36,10
848,Sat,Aug,22nd,2009,24,25,30,31,32,6
849,Wed,Aug,26th,2009,4,7,8,10,18,8
850,Sat,Aug,29th,2009,2,9,15,25,35,2
851,Wed,Sep,2nd,2009,1,10,20,27,28,2
852,Sat,Sep,5th,2009,1,8,9,20,26,3
853,Wed,Sep,9th,2009,4,5,6,14,34,6
854,Sat,Sep,12th,2009,1,2,17,24,27,6
855,Wed,Sep,16th,2009,2,11,13,17,27,3
856,Sat,Sep,19th,2009,12,16,18,23,32,2
857,Wed,Sep,23rd,2009,8,18,19,23,24,3
858,Sat,Sep,26th,2009,6,16,21,30,31,4
859,Wed,Sep,30th,2009,5,10,15,23,31,6
860,Sat,Oct,3rd,2009,17,23,25,30,36,7
861,Wed,Oct,7th,2009,6,12,22,24,36,8
862,Sat,Oct,10th,2009,1,3,14,23,27,2
863,Wed,Oct,14th,2009,9,11,22,29,31,10
864,Sat,Oct,16th,2009,5,10,23,25,34,10
865,Wed,Oct,21st,2009,1,14,20,21,33,5
866,Sat,Oct,24th,2009,7,9,13,19,22,3
867,Wed,Oct,28th,2009,6,12,25,34,35,3
868,Sat,Oct,31st,2009,1,4,17,22,35,4
869,Wed,Nov,4th,2009,2,13,20,34,36,10
870,Sat,Nov,7th,2009,14,23,29,32,34,10
871,Wed,Nov,11th,2009,4,13,24,29,36,1
872,Sat,Nov,14th,2009,2,10,16,26,36,9
873,Wed,Nov,18th,2009,3,8,18,22,23,4
874,Sat,Nov,21st,2009,3,6,16,21,25,8
875,Wed,Nov,25th,2009,6,14,18,20,34,7
876,Sat,Nov,28th,2009,3,14,20,32,36,10
877,Wed,Dec,2nd,2009,12,22,24,28,36,5
878,Sat,Dec,5th,2009,21,23,31,32,34,2
879,Wed,Dec,9th,2009,3,6,9,22,25,3
880,Sat,Dec,12th,2009,1,3,16,30,32,5
881,Wed,Dec,16th,2009,3,13,16,32,36,7
882,Sat,Dec,19th,2009,10,14,20,25,28,4
883,Wed,Dec,23rd,2009,7,14,22,28,32,3
884,Sat,Dec,26th,2009,6,13,14,15,33,6
885,Wed,Dec,30th,2009,2,5,23,28,31,7
886,Sat,Jan,2nd,2010,13,16,19,20,33,6
887,Wed,Jan,6th,2010,20,28,32,33,36,7
888,Sat,Jan,9th,2010,2,7,9,15,23,8
889,Wed,Jan,13th,2010,3,6,7,21,26,9
890,Sat,Jan,16th,2010,8,19,22,23,26,6
891,Wed,Jan,20th,2010,7,9,19,23,31,1
892,Sat,Jan,23rd,2010,5,10,15,27,32,9
893,Wed,Jan,27th,2010,4,5,11,13,30,3
894,Sat,Jan,30th,2010,10,11,21,29,32,6
895,Wed,Feb,3rd,2010,2,4,9,25,31,1
896,Sat,Feb,6th,2010,2,3,9,15,31,2
897,Wed,Feb,10th,2010,10,14,19,28,29,10
898,Sat,Feb,13th,2010,1,13,15,23,32,8
899,Wed,Feb,17th,2010,1,8,9,16,23,1
900,Sat,Feb,20th,2010,2,9,13,20,27,9
901,Wed,Feb,24th,2010,8,18,23,26,34,1
902,Sat,Feb,27th,2010,1,4,28,32,36,8
903,Wed,Mar,3rd,2010,4,5,17,21,25,2
904,Sat,Mar,6th,2010,7,9,16,21,35,6
905,Wed,Mar,10th,2010,5,8,13,14,34,3
906,Sat,Mar,13th,2010,4,16,23,28,36,7
907,Wed,Mar,17th,2010,7,9,11,14,26,5
908,Sat,Mar,20th,2010,5,14,23,28,32,5
909,Wed,Mar,24th,2010,17,18,25,26,30,5
910,Sat,Mar,27th,2010,11,15,25,29,33,9
911,Wed,Mar,31st,2010,4,16,23,28,33,2
912,Sat,Apr,3rd,2010,7,12,21,27,32,6
913,Wed,Apr,7th,2010,4,9,20,30,32,5
914,Sat,Apr,10th,2010,4,10,24,33,34,2
915,Wed,Apr,14th,2010,5,6,17,21,26,5
916,Sat,Apr,17th,2010,11,17,23,24,36,2
917,Wed,Apr,21st,2010,4,6,17,28,34,5
918,Sat,Apr,24th,2010,1,7,9,10,31,4
919,Wed,Apr,28th,2010,9,24,32,33,36,2
920,Sat,May,1st,2010,4,6,8,10,17,2
921,Wed,May,5th,2010,6,16,22,25,27,1
922,Sat,May,8th,2010,14,19,20,22,24,9
923,Wed,May,12th,2010,2,3,12,16,17,3
924,Sat,May,15th,2010,1,2,7,25,28,4
925,Wed,May,19th,2010,4,8,22,26,35,4
926,Sat,May,22nd,2010,9,21,23,24,30,9
927,Wed,May,26th,2010,5,12,23,28,34,6
928,Sat,May,29th,2010,1,7,25,31,33,3
929,Wed,Jun,2nd,2010,3,13,14,31,34,2
930,Sat,Jun,5th,2010,5,8,10,12,27,2
931,Wed,Jun,9th,2010,4,7,19,21,30,7
932,Sat,Jun,12th,2010,3,4,5,10,13,10
933,Wed,Jun,16th,2010,11,16,25,27,35,5
934,Sat,Jun,19th,2010,1,12,17,21,32,3
935,Wed,Jun,23rd,2010,2,11,16,27,31,8
936,Sat,Jun,26th,2010,11,17,21,33,35,3
937,Wed,Jun,30th,2010,6,26,33,34,36,6
938,Sat,Jul,3rd,2010,3,17,31,34,35,7
939,Wed,Jul,7th,2010,5,7,15,30,34,9
940,Sat,Jul,10th,2010,6,20,26,28,31,10
941,Wed,Jul,14th,2010,1,11,21,30,33,3
942,Sat,Jul,17th,2010,10,20,21,31,36,8
943,Wed,Jul,21st,2010,2,16,23,31,36,8
944,Sat,Jul,24th,2010,1,25,28,31,36,1
945,Wed,Jul,28th,2010,2,22,24,27,28,6
946,Sat,Jul,31st,2010,4,5,20,28,34,9
947,Wed,Aug,4th,2010,3,4,5,32,34,5
948,Sat,Aug,7th,2010,2,12,19,27,34,2
949,Wed,Aug,11th,2010,6,23,24,27,32,10
950,Sat,Aug,14th,2010,2,3,16,24,30,9
951,Wed,Aug,18th,2010,3,5,9,13,28,7
952,Sat,Aug,21st,2010,4,7,22,29,32,3
953,Wed,Aug,25th,2010,6,11,12,27,35,3
954,Sat,Aug,28th,2010,5,6,25,26,27,3
955,Wed,Sep,1st,2010,11,15,23,25,28,9
956,Sat,Sep,4th,2010,8,16,23,34,35,6
957,Wed,Sep,8th,2010,1,4,8,21,26,5
958,Sat,Sep,11th,2010,5,10,21,23,28,10
959,Wed,Sep,15th,2010,2,3,8,27,31,6
960,Sat,Sep,18th,2010,3,5,15,19,27,4
961,Wed,Sep,22nd,2010,1,7,23,25,33,3
962,Sat,Sep,25th,2010,8,16,19,23,27,2
963,Wed,Sep,29th,2010,2,9,22,25,35,10
964,Sat,Oct,2nd,2010,10,23,31,32,36,2
965,Wed,Oct,6th,2010,2,9,12,13,32,4
966,Sat,Oct,9th,2010,8,20,24,25,32,3
967,Wed,Oct,13th,2010,1,2,13,25,35,1
968,Sat,Oct,16th,2010,4,21,29,31,35,10
969,Wed,Oct,20th,2010,29,30,31,34,35,10
970,Sat,Oct,23rd,2010,13,23,31,33,36,10
971,Wed,Oct,27th,2010,3,21,24,28,36,5
972,Sat,Oct,30th,2010,1,10,11,25,32,10
973,Wed,Nov,3rd,2010,1,6,10,33,35,7
974,Sat,Nov,6th,2010,1,19,21,24,29,4
975,Wed,Nov,10th,2010,8,10,11,22,26,3
976,Sat,Nov,13th,2010,3,23,29,32,36,3
977,Wed,Nov,17th,2010,13,14,27,33,35,7
978,Sat,Nov,20th,2010,4,8,21,23,25,5
979,Wed,Nov,24th,2010,1,3,4,8,15,5
980,Sat,Nov,27th,2010,4,8,28,30,35,5
981,Wed,Dec,1st,2010,3,6,16,34,35,2
982,Sat,Dec,4th,2010,9,11,22,30,32,1
983,Wed,Dec,8th,2010,16,18,21,30,31,10
984,Sat,Dec,11th,2010,7,9,21,32,34,8
985,Wed,Dec,15th,2010,2,8,12,13,26,6
986,Sat,Dec,18th,2010,2,14,15,20,36,3
987,Wed,Dec,22nd,2010,8,15,20,25,26,8
988,Sat,Dec,24th,2010,6,7,13,24,28,3
989,Wed,Dec,29th,2010,1,5,11,13,24,7
990,Sat,Jan,1st,2011,15,20,22,25,29,3
991,Wed,Jan,5th,2011,8,9,19,30,32,8
992,Sat,Jan,8th,2011,5,11,20,21,23,2
993,Wed,Jan,12th,2011,3,10,12,13,31,3
994,Sat,Jan,15th,2011,5,6,10,22,27,3
995,Wed,Jan,19th,2011,6,13,19,20,29,3
996,Sat,Jan,22nd,2011,5,16,19,31,33,7
997,Wed,Jan,26th,2011,14,18,25,29,32,10
998,Sat,Jan,29th,2011,15,16,18,26,33,5
999,Wed,Feb,2nd,2011,3,18,26,32,33,1
1000,Sat,Feb,5th,2011,1,13,25,27,36,3
1001,Wed,Feb,9th,2011,1,9,16,18,36,3
1002,Sat,Feb,12th,2011,3,4,5,8,11,5
1003,Wed,Feb,16th,2011,6,12,16,17,23,1
1004,Sat,Feb,19th,2011,16,17,18,20,30,8
1005,Wed,Feb,23rd,2011,6,10,17,31,35,6
1006,Sat,Feb,26th,2011,7,11,14,18,33,9
1007,Wed,Mar,2nd,2011,10,11,23,26,35,9
1008,Sat,Mar,5th,2011,2,11,23,24,36,4
1009,Wed,Mar,9th,2011,10,20,26,33,36,4
1010,Sat,Mar,12th,2011,2,6,9,19,27,10
1011,Wed,Mar,16th,2011,13,23,24,28,36,8
1012,Sat,Mar,19th,2011,2,3,6,12,28,2
1013,Wed,Mar,23rd,2011,1,15,19,29,31,1
1014,Sat,Mar,26th,2011,2,10,16,33,34,1
1015,Wed,Mar,31st,2011,3,8,20,25,28,4
1016,Sat,Apr,2nd,2011,3,4,16,32,35,8
1017,Wed,Apr,6th,2011,5,8,17,18,22,1
1018,Sat,Apr,9th,2011,12,18,24,32,35,3
1019,Wed,Apr,13th,2011,8,13,14,21,35,5
1020,Sat,Apr,16th,2011,1,3,7,13,34,10
1021,Wed,Apr,20th,2011,13,14,15,27,34,6
1022,Sat,Apr,23rd,2011,5,18,25,29,36,9
1023,Wed,Apr,27th,2011,2,7,16,17,23,8
1024,Sat,Apr,30th,2011,12,14,27,29,31,10
1025,Wed,May,4th,2011,10,11,20,23,34,9
1026,Sat,May,7th,2011,1,6,9,21,31,7
1027,Wed,May,11th,2011,1,3,12,24,29,10
1028,Sat,May,14th,2011,7,10,18,19,24,8
1029,Wed,May,18th,2011,13,16,27,30,31,4
1030,Sat,May,21st,2011,2,7,30,34,36,4
1031,Wed,May,25th,2011,9,28,31,33,34,7
1032,Sat,May,28th,2011,12,13,15,18,33,8
1033,Wed,Jun,1st,2011,9,13,17,28,29,6
1034,Sat,Jun,3rd,2011,2,7,9,11,36,5
1035,Wed,Jun,8th,2011,10,12,23,25,35,6
1036,Sat,Jun,11th,2011,1,13,18,21,31,6
1037,Wed,Jun,15th,2011,2,5,7,11,14,2
1038,Sat,Jun,18th,2011,3,8,13,19,21,10
1039,Wed,Jun,22nd,2011,11,12,16,21,29,4
1040,Sat,Jun,25th,2011,6,9,30,32,33,1
1041,Wed,Jun,29th,2011,1,5,6,25,32,2
1042,Sat,Jul,2nd,2011,6,12,22,26,27,5
1043,Wed,Jul,6th,2011,1,3,9,14,31,8
1044,Sat,Jul,9th,2011,14,28,29,30,36,5
1045,Wed,Jul,13th,2011,5,22,24,29,35,9
1046,Sat,Jul,16th,2011,1,12,16,21,29,2
1047,Wed,Jul,20th,2011,2,17,21,32,34,1
1048,Sat,Jul,23rd,2011,18,26,27,35,36,8
1049,Wed,Jul,27th,2011,5,10,13,27,30,4
1050,Sat,Jul,30th,2011,8,19,23,33,34,1
1051,Wed,Aug,3rd,2011,11,12,28,32,33,8
1052,Sat,Aug,6th,2011,8,16,19,29,32,5
1053,Wed,Aug,10th,2011,1,22,26,28,35,6
1054,Sat,Aug,13th,2011,12,18,20,23,30,10
1055,Wed,Aug,17th,2011,2,17,28,34,36,4
1056,Sat,Aug,20th,2011,5,16,22,30,34,3
1057,Wed,Aug,24th,2011,4,5,6,21,36,4
1058,Sat,Aug,27th,2011,7,10,27,29,30,1
1059,Wed,Sep,1st,2011,1,5,11,16,23,9
1060,Sat,Sep,3rd,2011,14,17,22,28,36,9
1061,Wed,Sep,7th,2011,9,23,24,29,34,3
1062,Sat,Sep,10th,2011,1,16,23,24,32,1
1063,Wed,Sep,14th,2011,2,5,6,13,19,4
1064,Sat,Sep,17th,2011,6,17,34,35,36,9
1065,Wed,Sep,21st,2011,6,12,16,24,31,9
1066,Sat,Sep,24th,2011,1,16,17,24,31,10
1067,Wed,Sep,28th,2011,2,9,10,14,19,1
1068,Sat,Oct,1st,2011,15,17,19,20,23,10
1069,Wed,Oct,5th,2011,4,11,13,18,23,6
1070,Sat,Oct,8th,2011,5,10,14,23,24,8
1071,Wed,Oct,12th,2011,23,24,27,29,31,10
1072,Sat,Oct,15th,2011,1,12,14,15,29,5
1073,Wed,Oct,19th,2011,1,8,9,21,34,8
1074,Sat,Oct,22nd,2011,10,17,25,30,33,3
1075,Wed,Oct,27th,2011,19,23,25,30,33,2
1076,Sat,Oct,29th,2011,2,3,6,10,12,1
1077,Wed,Nov,2nd,2011,4,5,8,21,35,8
1078,Sat,Nov,5th,2011,4,9,10,14,33,4
1079,Wed,Nov,9th,2011,8,12,16,18,30,2
1080,Sat,Nov,12th,2011,10,14,23,29,35,10
1081,Wed,Nov,16th,2011,3,15,29,30,34,10
1082,Sat,Nov,19th,2011,4,5,6,11,23,10
1083,Wed,Nov,23rd,2011,1,9,10,23,34,4
1084,Sat,Nov,26th,2011,2,9,13,29,32,10
1085,Wed,Nov,30th,2011,1,13,21,27,34,7
1086,Sat,Dec,3rd,2011,1,15,16,19,30,4
1087,Wed,Dec,7th,2011,9,14,18,19,33,2
1088,Sat,Dec,10th,2011,1,4,24,28,32,6
1089,Wed,Dec,14th,2011,3,12,16,21,28,7
1090,Sat,Dec,17th,2011,1,2,6,22,32,4
1091,Wed,Dec,21st,2011,2,6,17,29,32,3
1092,Sat,Dec,24th,2011,6,13,24,30,35,1
1093,Wed,Dec,28th,2011,13,15,26,32,36,8
1094,Sat,Dec,31st,2011,4,7,18,22,35,5
1095,Wed,Jan,4th,2012,1,9,13,17,24,6
1096,Sat,Jan,7th,2012,7,11,15,16,20,1
1097,Wed,Jan,11th,2012,9,15,20,22,25,10
1098,Sat,Jan,14th,2012,3,23,25,28,30,5
1099,Wed,Jan,18th,2012,2,9,15,24,27,6
1100,Sat,Jan,21st,2012,15,18,25,31,34,1
1101,Wed,Jan,25th,2012,3,6,7,22,28,8
1102,Sat,Jan,28th,2012,15,17,21,26,36,10
1103,Wed,Feb,1st,2012,9,16,22,35,36,6
1104,Sat,Feb,4th,2012,1,3,10,17,27,10
1105,Wed,Feb,8th,2012,14,18,27,28,35,10
1106,Sat,Feb,11th,2012,13,25,30,33,34,7
1107,Wed,Feb,15th,2012,1,5,9,27,30,10
1108,Sat,Feb,18th,2012,10,15,28,29,31,4
1109,Wed,Feb,22nd,2012,4,14,17,21,25,9
1110,Sat,Feb,25th,2012,2,11,20,25,35,7
1111,Wed,Feb,29th,2012,4,7,20,27,34,6
1112,Sat,Mar,3rd,2012,1,16,20,21,28,8
1113,Wed,Mar,7th,2012,8,9,11,19,24,6
1114,Sat,Mar,10th,2012,13,14,26,32,35,1
1115,Wed,Mar,14th,2012,3,4,7,24,29,5
1116,Sat,Mar,17th,2012,20,21,22,23,27,2
1117,Wed,Mar,21st,2012,6,14,15,18,27,3
1118,Sat,Mar,24th,2012,1,6,20,33,36,8
1119,Wed,Mar,28th,2012,10,18,23,34,35,9
1120,Sat,Mar,31st,2012,5,12,18,30,34,8
1121,Wed,Apr,4th,2012,1,14,19,25,36,9
1122,Sat,Apr,7th,2012,7,13,14,15,31,8
1123,Wed,Apr,11th,2012,8,10,13,23,29,9
1124,Sat,Apr,14th,2012,14,18,24,31,36,2
1125,Wed,Apr,18th,2012,2,25,26,32,36,6
1126,Sat,Apr,21st,2012,12,16,23,31,33,2
1127,Wed,Apr,25th,2012,4,9,10,15,22,6
1128,Sat,Apr,28th,2012,1,7,19,21,27,10
1129,Wed,May,2nd,2012,7,10,15,24,32,7
1130,Sat,May,5th,2012,5,7,16,17,24,4
1131,Wed,May,9th,2012,4,6,14,16,35,1
1132,Sat,May,12th,2012,1,21,24,26,33,6
1133,Wed,May,16th,2012,10,11,18,19,20,2
1134,Sat,May,19th,2012,3,8,19,21,35,8
1135,Wed,May,23rd,2012,2,14,18,20,33,1
1136,Sat,May,26th,2012,1,4,13,23,27,8
1137,Wed,May,30th,2012,6,16,17,19,31,7
1138,Sat,Jun,2nd,2012,1,2,8,32,33,2
1139,Wed,Jun,6th,2012,10,11,12,26,33,1
1140,Sat,Jun,9th,2012,3,11,24,26,28,2
1141,Wed,Jun,13th,2012,2,12,13,26,28,5
1142,Sat,Jun,16th,2012,6,10,12,33,34,10
1143,Wed,Jun,20th,2012,5,19,22,29,30,8
1144,Sat,Jun,23rd,2012,12,27,28,31,32,5
1145,Wed,Jun,27th,2012,2,11,20,22,25,5
1146,Sat,Jun,30th,2012,5,6,7,20,27,2
1147,Wed,Jul,4th,2012,4,14,30,32,35,7
1148,Sat,Jul,7th,2012,16,19,26,29,34,3
1149,Wed,Jul,11th,2012,4,18,23,32,36,6
1150,Sat,Jul,14th,2012,1,8,19,22,31,4
1151,Wed,Jul,18th,2012,8,15,21,22,30,8
1152,Sat,Jul,21st,2012,2,17,18,28,34,10
1153,Wed,Jul,25th,2012,3,4,10,16,33,10
1154,Sat,Jul,28th,2012,14,16,31,33,34,7
1155,Wed,Aug,1st,2012,10,12,13,34,35,3
1156,Sat,Aug,4th,2012,12,24,29,32,36,2
1157,Wed,Aug,8th,2012,8,9,29,30,32,2
1158,Sat,Aug,11th,2012,2,11,28,32,36,10
1159,Wed,Aug,15th,2012,2,11,14,25,30,5
1160,Sat,Aug,18th,2012,4,7,15,26,35,3
1161,Wed,Aug,22nd,2012,4,10,23,27,29,3
1162,Sat,Aug,25th,2012,16,24,25,31,36,10
1163,Wed,Aug,29th,2012,1,5,20,22,36,3
1164,Sat,Sep,1st,2012,2,6,33,35,36,8
1165,Wed,Sep,5th,2012,2,13,17,20,31,7
1166,Sat,Sep,8th,2012,3,6,12,17,33,6
1167,Wed,Sep,12th,2012,16,17,19,20,22,1
1168,Sat,Sep,15th,2012,9,15,17,26,31,7
1169,Wed,Sep,19th,2012,1,5,22,25,28,3
1170,Sat,Sep,22nd,2012,10,23,25,32,35,9
1171,Wed,Sep,26th,2012,1,5,14,26,29,3
1172,Sat,Sep,29th,2012,17,22,26,32,35,7
1173,Wed,Oct,3rd,2012,3,6,15,17,24,6
1174,Sat,Oct,6th,2012,2,9,13,14,21,1
1175,Wed,Oct,10th,2012,11,12,14,21,31,4
1176,Sat,Oct,13th,2012,3,7,10,13,27,9
1177,Wed,Oct,17th,2012,6,8,18,19,33,5
1178,Sat,Oct,20th,2012,17,26,28,31,35,9
1179,Wed,Oct,24th,2012,2,3,17,27,34,9
1180,Sat,Oct,27th,2012,5,8,17,27,31,10
1181,Wed,Oct,31st,2012,14,15,19,25,29,2
1182,Sat,Nov,3rd,2012,5,11,15,31,35,5
1183,Wed,Nov,7th,2012,1,11,24,29,33,9
1184,Sat,Nov,10th,2012,7,12,16,18,28,10
1185,Wed,Nov,14th,2012,10,15,19,25,26,3
1186,Sat,Nov,17th,2012,2,19,30,33,34,7
1187,Wed,Nov,21st,2012,2,11,15,20,27,2
1188,Sat,Nov,24th,2012,1,15,16,18,32,6
1189,Wed,Nov,28th,2012,5,18,19,24,29,9
1190,Sat,Dec,1st,2012,20,26,28,32,34,8
1191,Wed,Dec,5th,2012,7,15,16,24,32,5
1192,Sat,Dec,8th,2012,3,16,25,26,33,8
1193,Wed,Dec,12th,2012,7,14,15,19,23,4
1194,Sat,Dec,15th,2012,3,5,13,26,32,8
1195,Wed,Dec,19th,2012,13,14,23,29,34,7
1196,Sat,Dec,22nd,2012,22,24,27,29,30,10
1197,Wed,Dec,26th,2012,8,10,11,21,29,4
1198,Sat,Dec,29th,2012,11,15,18,22,26,1
1199,Wed,Jan,2nd,2013,3,6,7,15,19,4
1200,Sat,Jan,5th,2013,3,15,27,28,30,4
1201,Wed,Jan,9th,2013,8,13,26,30,31,6
1202,Sat,Jan,12th,2013,8,13,17,20,23,4
1203,Wed,Jan,16th,2013,16,18,25,27,30,4
1204,Sat,Jan,19th,2013,13,16,20,28,33,1
1205,Wed,Jan,23rd,2013,5,8,9,17,34,6
1206,Sat,Jan,26th,2013,4,8,19,31,35,3
1207,Wed,Jan,30th,2013,4,26,30,31,34,2
1208,Sat,Feb,2nd,2013,4,17,24,28,34,5
1209,Wed,Feb,6th,2013,3,9,12,28,29,8
1210,Sat,Feb,9th,2013,7,8,18,24,30,7
1211,Wed,Feb,13th,2013,8,11,16,32,33,8
1212,Sat,Feb,16th,2013,1,26,27,30,33,10
1213,Wed,Feb,20th,2013,3,9,30,31,32,3
1214,Sat,Feb,23rd,2013,11,18,27,33,35,3
1215,Wed,Feb,27th,2013,1,8,10,24,28,9
1216,Sat,Mar,2nd,2013,5,9,18,30,35,9
1217,Wed,Mar,6th,2013,10,15,20,25,34,10
1218,Sat,Mar,9th,2013,8,10,12,24,32,3
1219,Wed,Mar,13th,2013,11,24,28,30,31,9
1220,Sat,Mar,16th,2013,1,3,15,28,29,8
1221,Wed,Mar,20th,2013,5,16,20,22,29,8
1222,Sat,Mar,23rd,2013,6,7,9,12,32,7
1223,Wed,Mar,27th,2013,13,17,25,28,32,1
1224,Wed,Apr,3rd,2013,13,14,16,19,28,7
1225,Sat,Apr,6th,2013,4,5,9,22,30,7
1226,Wed,Apr,10th,2013,7,13,25,26,27,7
1227,Sat,Apr,13th,2013,6,15,18,26,32,8
1228,Wed,Apr,17th,2013,4,7,10,20,33,5
1229,Sat,Apr,20th,2013,10,11,19,25,26,9
1230,Wed,Apr,24th,2013,1,13,16,29,35,6
1231,Sat,Apr,27th,2013,10,11,12,28,34,3
1232,Wed,May,1st,2013,5,14,16,22,30,1
1233,Sat,May,4th,2013,1,6,22,25,27,7
1234,Wed,May,8th,2013,1,12,15,24,29,5
1235,Sat,May,11th,2013,7,9,10,14,27,4
1236,Wed,May,15th,2013,3,15,19,25,32,9
1237,Sat,May,18th,2013,2,3,7,9,24,6
1238,Wed,May,22nd,2013,7,11,13,25,26,10
1239,Sat,May,25th,2013,2,11,14,25,34,6
1240,Wed,May,29th,2013,4,9,12,14,31,8
1241,Sat,Jun,1st,2013,25,29,30,31,34,7
1242,Wed,Jun,5th,2013,4,18,26,29,33,6
1243,Sat,Jun,8th,2013,7,16,25,26,35,5
1244,Wed,Jun,12th,2013,2,5,15,26,30,9
1245,Sat,Jun,15th,2013,12,14,17,27,32,6
1246,Wed,Jun,19th,2013,3,5,11,21,28,9
1247,Sat,Jun,22nd,2013,1,7,12,26,33,10
1248,Wed,Jun,26th,2013,5,20,22,26,33,1
1249,Sat,Jun,29th,2013,3,12,20,29,34,1
1250,Wed,Jul,3rd,2013,12,17,19,27,34,3
1251,Sat,Jul,6th,2013,2,4,7,10,13,7
1252,Wed,Jul,10th,2013,4,5,14,19,27,3
1253,Sat,Jul,13th,2013,5,8,10,18,22,8
1254,Wed,Jul,17th,2013,6,12,18,22,31,10
1255,Sat,Jul,20th,2013,5,6,11,12,34,6
1256,Wed,Jul,24th,2013,2,7,9,16,22,9
1257,Sat,Jul,27th,2013,3,4,8,21,32,6
1258,Wed,Jul,31st,2013,1,5,13,19,32,5
1259,Sat,Aug,3rd,2013,11,12,20,25,31,2
1260,Wed,Aug,7th,2013,23,26,28,31,34,4
1261,Sat,Aug,10th,2013,3,19,20,24,29,6
1262,Wed,Aug,14th,2013,5,10,11,31,32,10
1263,Sat,Aug,17th,2013,2,14,24,25,28,6
1264,Wed,Aug,21st,2013,14,15,25,27,29,10
1265,Sat,Aug,24th,2013,14,20,23,29,33,2
1266,Wed,Aug,28th,2013,3,24,26,29,34,7
1267,Sat,Aug,31st,2013,1,6,13,23,33,4
1268,Wed,Sep,4th,2013,1,6,23,32,35,6
1269,Sat,Sep,7th,2013,13,15,26,33,34,1
1270,Wed,Sep,11th,2013,4,7,18,21,31,7
1271,Sat,Sep,14th,2013,4,13,19,22,23,6
1272,Wed,Sep,18th,2013,5,14,24,29,33,3
1273,Sat,Sep,21st,2013,6,9,14,21,25,8
1274,Wed,Sep,25th,2013,17,19,28,32,34,7
1275,Sat,Sep,28th,2013,9,13,14,22,30,4
1276,Wed,Oct,2nd,2013,3,12,17,32,35,4
1277,Sat,Oct,5th,2013,4,8,9,23,29,2
1278,Wed,Oct,9th,2013,1,12,19,21,33,8
1279,Sat,Oct,12th,2013,3,8,9,29,30,8
1280,Wed,Oct,16th,2013,7,9,11,14,34,1
1281,Sat,Oct,19th,2013,1,7,8,20,28,2
1282,Wed,Oct,23rd,2013,15,24,29,31,34,2
1283,Sat,Oct,26th,2013,9,10,15,19,24,1
1284,Wed,Oct,30th,2013,4,14,16,22,26,10
1285,Wed,Nov,6th,2013,4,12,20,21,29,8
1286,Sat,Nov,9th,2013,10,13,14,18,34,8
1287,Wed,Nov,13th,2013,7,9,13,14,19,6
1288,Sat,Nov,16th,2013,7,9,14,17,26,5
1289,Wed,Nov,20th,2013,13,15,23,25,34,5
1290,Sat,Nov,23rd,2013,6,12,14,22,35,3
1291,Wed,Nov,27th,2013,2,3,10,23,26,7
1292,Sat,Nov,30th,2013,15,19,20,23,24,7
1293,Wed,Dec,4th,2013,2,16,21,26,27,8
1294,Sat,Dec,7th,2013,5,6,14,15,34,2
1295,Wed,Dec,11th,2013,11,13,17,21,28,10
1296,Sat,Dec,14th,2013,8,15,17,18,30,1
1297,Wed,Dec,18th,2013,9,13,15,18,29,2
1298,Sat,Dec,21st,2013,9,22,25,27,32,4
1299,Sat,Dec,28th,2013,5,7,8,13,15,1
1300,Wed,Jan,1st,2014,1,7,14,17,29,1
1301,Sat,Jan,4th,2014,8,9,17,30,32,9
1302,Wed,Jan,8th,2014,6,12,13,21,24,8
1303,Sat,Jan,11th,2014,8,16,28,29,33,3
1304,Wed,Jan,15th,2014,2,9,17,23,33,2
1305,Sat,Jan,18th,2014,15,19,23,29,33,9
1306,Wed,Jan,22nd,2014,2,4,6,20,35,10
1307,Sat,Jan,25th,2014,6,12,14,30,34,4
1308,Wed,Jan,29th,2014,1,10,11,28,29,10
1309,Sat,Feb,1st,2014,3,10,11,16,26,9
1310,Wed,Feb,5th,2014,5,17,23,24,35,5
1311,Sat,Feb,8th,2014,5,12,19,24,28,9
1312,Wed,Feb,12th,2014,4,11,15,20,33,9
1313,Sat,Feb,15th,2014,4,14,22,25,27,1
1314,Wed,Feb,19th,2014,1,8,10,20,28,1
1315,Sat,Feb,22nd,2014,11,20,24,27,33,8
1316,Wed,Feb,26th,2014,3,13,30,34,35,1
1317,Sat,Mar,1st,2014,1,7,11,32,35,5
1318,Wed,Mar,5th,2014,5,13,21,24,26,8
1319,Sat,Mar,8th,2014,8,14,18,28,32,1
1320,Wed,Mar,12th,2014,4,9,25,33,35,4
1321,Sat,Mar,15th,2014,2,11,20,30,32,8
1322,Wed,Mar,19th,2014,16,17,18,21,31,4
1323,Sat,Mar,22nd,2014,3,7,15,19,28,8
1324,Wed,Mar,26th,2014,1,7,14,26,33,3
1325,Sat,Mar,29th,2014,9,15,22,28,30,8
1326,Wed,Apr,2nd,2014,4,12,13,15,18,2
1327,Sat,Apr,5th,2014,10,17,20,25,26,5
1328,Wed,Apr,9th,2014,15,17,18,19,21,10
1329,Sat,Apr,12th,2014,9,15,18,29,35,5
1330,Wed,Apr,16th,2014,4,10,12,27,28,7
1331,Sat,Apr,19th,2014,1,12,17,25,31,5
1332,Wed,Apr,23rd,2014,4,10,23,26,34,1
1333,Sat,Apr,26th,2014,1,5,12,29,33,1
1334,Wed,Apr,30th,2014,3,4,31,34,35,8
1335,Sat,May,3rd,2014,8,12,24,29,34,7
1336,Wed,May,7th,2014,17,22,26,29,32,7
1337,Sat,May,10th,2014,10,12,24,29,35,1
1338,Wed,May,14th,2014,6,8,13,18,32,3
1339,Sat,May,17th,2014,3,4,5,8,25,2
1340,Wed,May,21st,2014,5,11,15,18,22,6
1341,Sat,May,24th,2014,2,6,10,15,32,10
1342,Wed,May,28th,2014,3,16,25,29,31,4
1343,Sat,May,31st,2014,7,11,15,20,30,4
1344,Wed,Jun,4th,2014,4,8,11,25,35,8
1345,Sat,Jun,7th,2014,1,7,20,31,32,8
1346,Wed,Jun,11th,2014,12,25,30,31,32,4
1347,Sat,Jun,14th,2014,3,6,15,28,29,1
1348,Wed,Jun,18th,2014,9,11,15,20,29,6
1349,Sat,Jun,21st,2014,15,19,23,28,29,8
1350,Wed,Jun,25th,2014,1,20,22,33,34,8
1351,Sat,Jun,28th,2014,3,13,16,30,31,6
1352,Wed,Jul,2nd,2014,13,20,28,29,30,5
1353,Sat,Jul,5th,2014,9,13,16,29,30,4
1354,Wed,Jul,9th,2014,1,3,14,21,23,6
1355,Sat,Jul,12th,2014,2,13,19,28,33,8
1356,Wed,Jul,16th,2014,17,21,25,29,34,4
1357,Sat,Jul,19th,2014,3,18,21,25,33,2
1358,Wed,Jul,23rd,2014,5,13,22,25,35,2
1359,Sat,Jul,26th,2014,2,4,5,17,34,9
1360,Wed,Jul,30th,2014,5,12,15,19,31,10
1361,Sat,Aug,2nd,2014,3,8,10,12,13,8
1362,Wed,Aug,6th,2014,7,17,20,25,33,4
1363,Sat,Aug,9th,2014,12,16,18,24,28,5
1364,Wed,Aug,13th,2014,4,12,22,23,25,5
1365,Sat,Aug,16th,2014,5,6,7,11,29,6
1366,Wed,Aug,20th,2014,6,10,23,34,35,7
1367,Sat,Aug,23rd,2014,1,6,8,10,34,8
1368,Wed,Aug,27th,2014,7,14,18,19,23,9
1369,Sat,Aug,30th,2014,9,13,20,30,31,9
1370,Wed,Sep,3rd,2014,2,7,26,27,34,1
1371,Sat,Sep,6th,2014,12,18,25,26,29,10
1372,Wed,Sep,10th,2014,7,10,19,31,34,6
1373,Sat,Sep,13th,2014,7,24,25,28,32,4
1374,Wed,Sep,17th,2014,8,22,29,32,35,4
1375,Sat,Sep,20th,2014,12,23,25,26,35,10
1376,Wed,Sep,24th,2014,13,19,31,32,33,7
1377,Sat,Sep,27th,2014,4,8,9,12,27,5
1378,Wed,Oct,1st,2014,6,8,12,23,32,6
1379,Sat,Oct,4th,2014,4,7,19,31,35,6
1380,Wed,Oct,8th,2014,1,9,17,28,33,10
1381,Sat,Oct,11th,2014,5,17,23,24,34,8
1382,Wed,Oct,15th,2014,11,15,27,30,34,5
1383,Sat,Oct,18th,2014,2,18,26,29,32,2
1384,Wed,Oct,22nd,2014,9,25,31,33,34,9
1385,Sat,Oct,25th,2014,9,14,20,24,32,7
1386,Wed,Oct,29th,2014,8,19,21,32,34,5
1387,Sat,Nov,1st,2014,1,9,12,15,30,10
1388,Wed,Nov,5th,2014,3,4,8,26,35,2
1389,Sat,Nov,8th,2014,2,7,22,23,32,10
1390,Wed,Nov,12th,2014,2,24,29,32,33,5
1391,Sat,Nov,15th,2014,17,22,27,28,34,6
1392,Wed,Nov,19th,2014,2,4,10,22,34,9
1393,Sat,Nov,22nd,2014,7,8,18,23,30,10
1394,Wed,Nov,26th,2014,14,18,24,29,34,9
1395,Sat,Nov,29th,2014,8,9,14,15,16,7
1396,Wed,Dec,3rd,2014,7,9,14,31,35,7
1397,Sat,Dec,6th,2014,6,18,20,29,35,4
1398,Wed,Dec,10th,2014,2,3,14,19,29,3
1399,Sat,Dec,13th,2014,4,20,29,30,32,5
1400,Wed,Dec,17th,2014,1,14,24,29,35,5
1401,Sat,Dec,20th,2014,4,13,19,24,28,2
1402,Wed,Dec,24th,2014,9,12,18,21,24,1
1403,Sat,Dec,27th,2014,1,18,19,20,22,10
1404,Wed,Dec,31st,2014,0,0,0,0,0,0
1405,Sat,Jan,3rd,2015,4,9,15,25,27,10
1406,Wed,Jan,7th,2015,5,25,30,32,33,10
1407,Sat,Jan,10th,2015,13,21,27,32,35,6
1408,Wed,Jan,14th,2015,5,6,27,33,34,6
1409,Sat,Jan,17th,2015,2,5,11,18,27,10
1410,Wed,Jan,21st,2015,5,22,23,31,32,3
1411,Sat,Jan,24th,2015,2,7,13,25,29,3
1412,Wed,Jan,28th,2015,1,24,26,31,34,6
1413,Sat,Jan,31st,2015,11,15,22,31,35,1
1414,Wed,Feb,4th,2015,19,22,25,32,34,5
1415,Sat,Feb,7th,2015,5,14,23,30,33,8
1416,Wed,Feb,11th,2015,3,4,5,16,28,7
1417,Sat,Feb,14th,2015,20,21,22,26,32,1
1418,Wed,Feb,18th,2015,1,22,24,30,34,4
1419,Sat,Feb,21st,2015,6,11,13,17,29,5
1420,Wed,Feb,25th,2015,10,12,26,31,35,10
1421,Sat,Feb,28th,2015,1,8,13,15,23,6
1422,Wed,Mar,4th,2015,7,11,13,19,31,4
1423,Sat,Mar,7th,2015,1,4,5,6,30,5
1424,Wed,Mar,11th,2015,4,15,18,19,28,4
1425,Sat,Mar,14th,2015,3,5,13,17,34,10
1426,Wed,Mar,18th,2015,1,2,18,27,30,7
1427,Sat,Mar,21st,2015,6,20,26,27,35,8
1428,Wed,Mar,25th,2015,9,13,17,21,33,10
1429,Sat,Mar,28th,2015,8,12,14,17,21,8
1430,Wed,Apr,1st,2015,1,7,21,25,35,3
1431,Sat,Apr,4th,2015,4,14,16,29,33,10
1432,Wed,Apr,8th,2015,2,9,12,29,34,3
1433,Sat,Apr,11th,2015,3,6,18,32,35,5
1434,Wed,Apr,15th,2015,3,15,20,24,31,5
1435,Sat,Apr,18th,2015,8,11,15,18,28,8
1436,Wed,Apr,23rd,2015,3,4,22,28,34,5
1437,Sat,Apr,25th,2015,4,5,19,23,33,6
1438,Wed,Apr,29th,2015,1,6,11,12,27,2
1439,Sat,May,3rd,2015,4,14,21,28,35,10
1440,Wed,May,6th,2015,5,9,10,23,33,7
1441,Sat,May,9th,2015,11,19,22,27,32,4
1442,Wed,May,13th,2015,6,20,25,26,27,3
1443,Sat,May,16th,2015,2,12,23,27,30,3
1444,Wed,May,20th,2015,3,5,18,25,31,6
1445,Sat,May,23rd,2015,8,12,13,20,28,8
1446,Wed,May,27th,2015,1,8,9,21,32,8
1447,Sat,May,30th,2015,1,11,24,25,31,2
1448,Wed,Jun,3rd,2015,8,19,23,33,34,2
1449,Sat,Jun,6th,2015,1,5,16,29,35,6
1450,Wed,Jun,11th,2015,11,15,22,26,27,10
1451,Sat,Jun,13th,2015,14,19,24,29,32,9
1452,Wed,Jun,17th,2015,2,5,8,12,25,4
1453,Sat,Jun,20th,2015,1,3,6,18,33,3
1454,Wed,Jun,24th,2015,1,8,12,13,35,10
1455,Sat,Jun,27th,2015,2,11,16,30,34,2
1456,Wed,Jul,1st,2015,1,4,10,21,28,4
1457,Sat,Jul,4th,2015,7,12,19,27,34,5
1458,Wed,Jul,8th,2015,11,12,17,18,19,10
1459,Sat,Jul,12th,2015,5,9,16,17,31,1
1460,Wed,Jul,16th,2015,2,6,7,17,27,3
1461,Wed,Jul,22nd,2015,2,3,6,14,32,9
1462,Sat,Jul,25th,2015,9,16,19,31,32,10
1463,Wed,Jul,30th,2015,3,5,8,17,26,1
1464,Sat,Aug,1st,2015,6,11,20,33,35,2
1465,Wed,Aug,5th,2015,4,19,20,23,29,5
1466,Sat,Aug,8th,2015,8,10,17,30,35,7
1467,Wed,Aug,12th,2015,2,4,10,11,25,2
1468,Sat,Aug,15th,2015,2,5,16,25,33,4
1469,Wed,Aug,19th,2015,4,21,29,33,35,1
1470,Sat,Aug,22nd,2015,23,25,26,27,35,2
1471,Wed,Aug,27th,2015,15,17,20,23,30,5
1472,Sat,Aug,29th,2015,3,4,6,7,24,2
1473,Wed,Sep,2nd,2015,3,6,21,29,34,5
1474,Sat,Sep,5th,2015,6,21,27,31,34,7
1475,Wed,Sep,9th,2015,4,6,9,23,26,8
1476,Sat,Sep,12th,2015,9,14,18,23,25,6
1477,Wed,Sep,16th,2015,1,3,7,15,33,6
1478,Sat,Sep,19th,2015,3,10,20,28,30,3
1479,Wed,Sep,23rd,2015,3,7,11,17,28,10
1480,Sat,Sep,26th,2015,7,9,14,16,20,5
1481,Wed,Sep,30th,2015,3,7,9,12,26,8
1482,Sat,Oct,3rd,2015,7,10,11,13,24,9
1483,Wed,Oct,8th,2015,2,7,11,28,29,6
1484,Sat,Oct,10th,2015,8,10,13,17,24,8
1485,Wed,Oct,14th,2015,3,4,21,26,31,5
1486,Sat,Oct,17th,2015,4,9,20,24,28,4
1487,Wed,Oct,21st,2015,1,11,13,30,34,7
1488,Sat,Oct,25th,2015,10,16,23,28,29,2
1489,Wed,Oct,28th,2015,6,22,23,25,29,2
1490,Sat,Oct,31st,2015,17,22,27,31,34,2
1491,Wed,Nov,4th,2015,9,21,23,25,30,4
1492,Sat,Nov,7th,2015,2,7,8,14,28,2
1493,Wed,Nov,11th,2015,8,12,19,26,33,8
1494,Sat,Nov,15th,2015,14,23,25,27,30,7
1495,Wed,Nov,18th,2015,3,11,12,22,34,6
1496,Sat,Nov,21st,2015,9,10,18,20,34,1
1497,Wed,Nov,25th,2015,13,16,26,32,33,6
1498,Sat,Nov,29th,2015,8,23,24,27,34,5
1499,Wed,Dec,3rd,2015,6,16,18,30,32,10
1500,Sat,Dec,5th,2015,1,17,20,23,32,2
1501,Wed,Dec,9th,2015,3,12,16,17,29,3
1502,Sat,Dec,13th,2015,7,9,17,21,29,4
1503,Wed,Dec,17th,2015,10,13,19,25,26,9
1504,Sat,Dec,19th,2015,13,20,21,24,33,5
1505,Wed,Dec,23rd,2015,17,23,25,27,28,7
1506,Sat,Dec,26th,2015,15,22,29,30,35,2
1507,Wed,Dec,30th,2015,2,7,16,26,35,5
1508,Sat,Jan,2nd,2016,13,18,19,28,29,6
1509,Wed,Jan,7th,2016,5,7,12,20,34,3
1510,Sat,Jan,9th,2016,10,12,16,17,23,8
1511,Wed,Jan,13th,2016,7,16,18,26,29,9
1512,Sat,Jan,16th,2016,4,8,13,21,24,7
1513,Wed,Jan,20th,2016,3,8,10,15,30,4
1514,Sat,Jan,23rd,2016,2,7,11,28,31,9
1515,Wed,Jan,27th,2016,2,3,6,12,25,10
1516,Sat,Jan,31st,2016,8,10,12,29,34,1
1517,Wed,Feb,3rd,2016,6,8,17,19,28,7
1518,Sat,Feb,6th,2016,14,19,28,30,34,7
1519,Wed,Feb,10th,2016,2,4,7,15,31,10
1520,Sat,Feb,13th,2016,9,20,22,23,24,4
1521,Wed,Feb,17th,2016,13,19,20,22,28,2
1522,Sat,Feb,20th,2016,1,5,31,32,33,6
1523,Wed,Feb,24th,2016,4,7,8,31,34,6
1524,Sat,Feb,28th,2016,1,14,22,27,28,5
1525,Wed,Mar,2nd,2016,5,7,20,33,34,7
1526,Sat,Mar,5th,2016,8,10,20,27,29,5
1527,Wed,Mar,9th,2016,13,14,23,24,32,8
1528,Sat,Mar,12th,2016,9,14,17,24,31,2
1529,Wed,Mar,16th,2016,4,16,19,29,35,4
1530,Sat,Mar,19th,2016,16,21,28,29,33,6
1531,Wed,Mar,23rd,2016,1,10,14,25,28,1
1532,Sat,Mar,27th,2016,7,13,14,23,32,1
1533,Sat,Apr,2nd,2016,7,18,24,29,34,4
1534,Wed,Apr,6th,2016,9,13,14,22,33,3
1535,Sat,Apr,9th,2016,1,12,14,17,35,5
1536,Wed,Apr,13th,2016,2,7,21,24,30,6
1537,Sat,Apr,17th,2016,3,7,16,17,31,7
1538,Wed,Apr,21st,2016,9,16,17,32,35,5
1539,Sat,Apr,23rd,2016,1,2,6,8,26,1
1540,Wed,Apr,27th,2016,4,5,6,18,31,6
1541,Sat,May,1st,2016,2,9,14,18,31,3
1542,Wed,May,4th,2016,3,6,15,23,25,3
1543,Sat,May,7th,2016,8,14,17,19,27,6
1544,Wed,May,11th,2016,1,7,17,26,34,7
1545,Sat,May,15th,2016,5,16,17,28,35,3
1546,Wed,May,18th,2016,1,8,11,25,34,2
1547,Sat,May,21st,2016,1,18,20,21,23,8
1548,Wed,May,25th,2016,2,3,14,24,32,2
1549,Sat,May,28th,2016,6,9,15,17,27,8
1550,Wed,Jun,1st,2016,5,6,20,21,25,9
1551,Sat,Jun,4th,2016,1,7,8,19,22,6
1552,Wed,Jun,8th,2016,2,10,14,19,35,2
1553,Sat,Jun,11th,2016,3,15,20,25,26,3
1554,Wed,Jun,15th,2016,1,22,24,25,27,3
1555,Sat,Jun,18th,2016,7,9,17,26,35,2
1556,Wed,Jun,22nd,2016,1,7,19,25,30,4
1557,Sat,Jun,25th,2016,12,13,19,34,35,7
1558,Wed,Jun,29th,2016,12,20,22,24,25,2
1559,Sat,Jul,2nd,2016,3,5,10,20,23,8
1560,Sat,Jul,9th,2016,13,18,20,21,34,2
1561,Wed,Jul,13th,2016,1,3,8,21,33,3
1562,Sat,Jul,16th,2016,4,5,7,22,28,8
1563,Wed,Jul,20th,2016,1,6,23,29,33,10
1564,Sat,Jul,23rd,2016,7,12,14,20,23,3
1565,Wed,Jul,27th,2016,14,16,27,28,29,5
1566,Sat,Jul,30th,2016,17,22,25,31,33,10
1567,Wed,Aug,3rd,2016,7,8,18,22,29,8
1568,Sat,Aug,6th,2016,5,13,14,18,22,5
1569,Wed,Aug,10th,2016,11,12,14,16,33,3
1570,Sat,Aug,13th,2016,9,20,26,28,33,2
1571,Wed,Aug,17th,2016,1,6,10,19,20,9
1572,Sat,Aug,20th,2016,2,10,12,27,33,5
1573,Wed,Aug,24th,2016,1,8,9,17,30,4
1574,Sat,Aug,27th,2016,6,16,17,19,20,7
1575,Wed,Aug,31st,2016,2,4,8,12,21,4
1576,Sat,Sep,3rd,2016,3,7,13,30,31,5
1577,Wed,Sep,7th,2016,6,17,19,29,34,3
1578,Sat,Sep,10th,2016,4,7,24,28,35,10
1579,Wed,Sep,14th,2016,18,23,24,30,32,4
1580,Sat,Sep,17th,2016,13,19,20,26,35,1
1581,Wed,Sep,21st,2016,3,6,8,9,14,3
1582,Sat,Sep,24th,2016,10,25,29,34,35,4
1583,Wed,Sep,28th,2016,2,8,18,21,23,8
1584,Sat,Oct,1st,2016,5,21,27,29,31,7
1585,Wed,Oct,5th,2016,6,10,15,25,35,6
1586,Sat,Oct,8th,2016,7,9,25,27,28,10
1587,Wed,Oct,12th,2016,1,3,9,17,32,6
1588,Sat,Oct,15th,2016,6,12,16,23,34,8
1589,Wed,Oct,19th,2016,1,26,29,30,33,5
1590,Sat,Oct,22nd,2016,16,20,21,26,27,6
1591,Wed,Oct,26th,2016,6,21,27,29,34,1
1592,Wed,Nov,2nd,2016,9,11,28,29,32,5
1593,Sat,Nov,5th,2016,9,17,24,29,31,10
1594,Wed,Nov,9th,2016,7,8,10,26,33,8
1595,Sat,Nov,12th,2016,4,7,19,20,25,9
1596,Wed,Nov,16th,2016,8,9,11,15,25,9
1597,Sat,Nov,19th,2016,5,6,8,27,32,1
1598,Wed,Nov,23rd,2016,2,10,22,28,30,7
1599,Sat,Nov,26th,2016,13,15,16,17,29,9
1600,Wed,Nov,30th,2016,14,15,22,27,30,5
1601,Sat,Dec,3rd,2016,7,22,26,32,33,6
1602,Wed,Dec,7th,2016,2,9,11,13,18,4
1603,Sat,Dec,10th,2016,10,15,22,32,33,3
1604,Wed,Dec,14th,2016,2,16,21,25,28,9
1605,Sat,Dec,17th,2016,9,11,12,18,26,4
1606,Wed,Dec,21st,2016,5,14,18,22,25,2
1607,Sat,Dec,24th,2016,3,10,12,16,19,9
1608,Wed,Dec,28th,2016,2,3,5,10,29,6
1609,Sat,Dec,31st,2016,5,8,13,15,21,2
1610,Wed,Jan,4th,2017,1,15,21,23,27,8
1611,Sat,Jan,7th,2017,18,20,25,30,35,5
1612,Wed,Jan,11th,2017,15,18,21,23,32,4
1613,Sat,Jan,14th,2017,15,18,20,31,35,5
1614,Wed,Jan,18th,2017,3,12,19,25,34,2
1615,Sat,Jan,21st,2017,4,9,10,13,24,1
1616,Wed,Jan,25th,2017,15,17,22,23,34,6
1617,Sat,Jan,28th,2017,14,15,18,26,27,8
1618,Wed,Feb,1st,2017,17,25,26,34,35,2
1619,Sat,Feb,4th,2017,2,12,24,31,34,8
1620,Wed,Feb,8th,2017,7,19,20,31,35,9
1621,Sat,Feb,11th,2017,6,24,27,28,34,1
1622,Wed,Feb,15th,2017,8,17,18,33,35,9
1623,Sat,Feb,18th,2017,9,17,22,32,35,2
1624,Wed,Feb,22nd,2017,6,10,22,27,34,8
1625,Sat,Feb,25th,2017,7,11,17,31,32,7
1626,Wed,Mar,1st,2017,8,20,25,27,30,9
1627,Sat,Mar,4th,2017,1,6,16,31,35,1
1628,Wed,Mar,8th,2017,12,18,22,26,28,5
1629,Sat,Mar,11th,2017,2,5,9,14,23,7
1630,Wed,Mar,15th,2017,9,10,13,22,30,10
1631,Sat,Mar,18th,2017,1,9,13,28,30,7
1632,Wed,Mar,22nd,2017,10,19,31,34,35,10
1633,Sat,Mar,25th,2017,3,9,10,17,35,7
1634,Wed,Mar,29th,2017,6,7,9,24,29,5
1635,Sat,Apr,1st,2017,1,4,27,30,34,10
1636,Wed,Apr,5th,2017,18,20,21,22,27,5
1637,Sat,Apr,8th,2017,2,7,16,28,35,4
1638,Wed,Apr,12th,2017,7,16,24,25,26,4
1639,Sat,Apr,15th,2017,5,9,11,23,33,7
1640,Wed,Apr,19th,2017,1,11,14,17,22,2
1641,Sat,Apr,22nd,2017,13,25,26,28,30,9
1642,Wed,Apr,26th,2017,1,5,7,30,31,9
1643,Sat,Apr,29th,2017,4,13,20,23,33,1
1644,Wed,May,3rd,2017,6,21,28,33,35,5
1645,Sat,May,6th,2017,2,6,18,27,28,6
1646,Wed,May,10th,2017,2,4,18,22,27,7
1647,Sat,May,13th,2017,9,20,25,34,35,4
1648,Wed,May,17th,2017,8,10,20,27,34,1
1649,Sat,May,20th,2017,4,15,26,27,31,10
1650,Wed,May,24th,2017,3,11,18,21,24,8
1651,Sat,May,27th,2017,18,21,23,25,34,9
1652,Wed,May,31st,2017,2,3,20,23,32,8
1653,Sat,Jun,3rd,2017,14,27,29,30,33,10
1654,Wed,Jun,7th,2017,2,3,24,27,29,6
1655,Sat,Jun,10th,2017,1,4,9,22,28,1
1656,Wed,Jun,14th,2017,1,9,15,33,34,1
1657,Sat,Jun,17th,2017,4,7,22,27,34,2
1658,Wed,Jun,21st,2017,13,15,17,22,31,8
1659,Sat,Jun,24th,2017,5,9,11,17,22,3
1660,Wed,Jun,28th,2017,1,9,10,15,33,1
1661,Sat,Jul,1st,2017,7,18,25,26,31,7
1662,Wed,Jul,5th,2017,10,11,12,22,25,3
1663,Sat,Jul,8th,2017,3,4,13,17,18,8
1664,Wed,Jul,12th,2017,2,10,12,25,34,2
1665,Sat,Jul,15th,2017,1,4,10,12,18,6
1666,Wed,Jul,19th,2017,4,17,28,31,32,9
1667,Sat,Jul,22nd,2017,2,14,15,21,34,4
1668,Wed,Jul,26th,2017,3,7,9,27,33,9
1669,Sat,Jul,29th,2017,1,8,12,15,34,9
1670,Wed,Aug,2nd,2017,4,15,26,27,29,2
1671,Sat,Aug,5th,2017,2,3,8,22,25,6
1672,Wed,Aug,9th,2017,6,13,16,23,35,9
1673,Sat,Aug,12th,2017,2,5,9,16,29,7
1674,Wed,Aug,16th,2017,1,3,5,18,34,2
1675,Sat,Aug,19th,2017,4,23,24,26,33,4
1676,Wed,Aug,23rd,2017,2,11,14,15,16,7
1677,Sat,Aug,26th,2017,4,16,25,26,27,4
1678,Wed,Aug,30th,2017,5,18,19,30,31,4
1679,Sat,Sep,2nd,2017,11,18,21,26,35,6
1680,Wed,Sep,6th,2017,7,9,15,26,33,10
1681,Sat,Sep,9th,2017,3,4,12,13,22,2
1682,Wed,Sep,13th,2017,5,7,8,29,31,7
1683,Sat,Sep,16th,2017,2,3,9,27,28,2
1684,Wed,Sep,20th,2017,6,16,27,31,33,5
1685,Sat,Sep,23rd,2017,12,16,24,28,30,6
1686,Wed,Sep,27th,2017,9,12,13,26,34,10
1687,Sat,Sep,30th,2017,6,7,16,23,27,6
1688,Wed,Oct,4th,2017,9,12,17,28,34,10
1689,Sat,Oct,7th,2017,5,9,10,17,23,1
1690,Wed,Oct,11th,2017,9,13,23,30,35,7
1691,Sat,Oct,14th,2017,9,10,17,22,35,5
1692,Sat,Oct,21st,2017,5,7,10,17,27,1
1693,Wed,Oct,25th,2017,1,2,9,18,24,7
1694,Sat,Oct,28th,2017,1,9,19,21,34,1
1695,Wed,Nov,1st,2017,1,9,11,20,28,2
1696,Sat,Nov,4th,2017,4,19,30,33,34,5
1697,Wed,Nov,8th,2017,14,21,30,33,34,9
1698,Sat,Nov,11th,2017,1,20,21,30,35,4
1699,Wed,Nov,15th,2017,3,8,27,33,34,8
1700,Sat,Nov,18th,2017,2,5,11,16,17,5
1701,Wed,Nov,22nd,2017,11,16,28,32,33,7
1702,Sat,Nov,25th,2017,14,20,23,26,29,2
1703,Wed,Nov,29th,2017,12,19,21,26,34,1
1704,Sat,Dec,2nd,2017,6,17,27,29,34,7
1705,Wed,Dec,6th,2017,5,10,12,16,25,7
1706,Sat,Dec,9th,2017,5,19,25,32,34,10
1707,Wed,Dec,13th,2017,3,5,11,12,30,10
1708,Sat,Dec,16th,2017,6,8,21,30,31,1
1709,Wed,Dec,20th,2017,2,14,19,30,34,1
1710,Sat,Dec,23rd,2017,6,11,16,29,32,10
1711,Wed,Dec,27th,2017,6,13,27,31,34,2
1712,Sat,Dec,30th,2017,2,3,16,30,31,7
1713,Wed,Jan,3rd,2018,6,10,17,21,27,1
1714,Sat,Jan,6th,2018,2,4,12,25,34,10
1715,Wed,Jan,10th,2018,6,15,26,27,33,10
1716,Sat,Jan,13th,2018,9,27,29,34,35,8
1717,Wed,Jan,17th,2018,8,11,28,34,35,9
1718,Sat,Jan,20th,2018,9,16,21,28,32,10
1719,Wed,Jan,24th,2018,2,7,10,21,23,6
1720,Sat,Jan,27th,2018,4,12,14,16,33,3
1721,Wed,Jan,31st,2018,5,16,29,30,32,2
1722,Sat,Feb,3rd,2018,1,9,14,30,32,10
1723,Wed,Feb,7th,2018,5,8,29,30,35,1
1724,Sat,Feb,10th,2018,3,5,22,31,32,2
1725,Wed,Feb,14th,2018,11,14,24,29,32,4
1726,Sat,Feb,17th,2018,24,25,26,29,31,5
1727,Wed,Feb,21st,2018,5,12,16,26,35,4
1728,Sat,Feb,24th,2018,7,9,11,25,32,4
1729,Wed,Feb,28th,2018,4,12,14,18,25,8
1730,Sat,Mar,3rd,2018,2,6,23,24,34,9
1731,Wed,Mar,7th,2018,5,8,12,13,17,9
1732,Sat,Mar,10th,2018,21,24,26,27,33,7
1733,Wed,Mar,14th,2018,2,4,15,18,20,8
1734,Sat,Mar,17th,2018,19,23,24,26,29,9
1735,Wed,Mar,21st,2018,1,2,7,13,29,2
1736,Sat,Mar,24th,2018,6,22,25,28,31,9
1737,Wed,Mar,28th,2018,10,17,18,19,31,9
1738,Wed,Apr,4th,2018,4,11,20,22,26,2
1739,Sat,Apr,7th,2018,4,13,16,19,30,8
1740,Wed,Apr,11th,2018,4,9,12,17,33,3
1741,Sat,Apr,14th,2018,3,9,17,29,32,3
1742,Wed,Apr,18th,2018,15,21,24,26,28,10
1743,Sat,Apr,21st,2018,2,6,19,24,30,8
1744,Wed,Apr,25th,2018,9,10,22,23,32,9
1745,Sat,Apr,28th,2018,9,12,25,30,33,9
1746,Wed,May,2nd,2018,11,12,13,18,19,10
1747,Sat,May,5th,2018,9,13,15,17,19,1
1748,Wed,May,9th,2018,1,16,20,28,31,1
1749,Sat,May,12th,2018,4,11,12,30,33,6
1750,Wed,May,16th,2018,1,2,6,9,25,8
1751,Sat,May,19th,2018,9,12,31,33,34,2
1752,Wed,May,23rd,2018,3,11,12,20,30,7
1753,Sat,May,26th,2018,8,12,15,18,32,5
1754,Wed,May,30th,2018,13,16,18,29,31,8
1755,Sat,Jun,2nd,2018,5,12,21,22,28,2
1756,Wed,Jun,6th,2018,4,9,12,29,33,3
1757,Sat,Jun,9th,2018,2,7,9,13,32,1
1758,Wed,Jun,13th,2018,7,8,13,24,30,1
1759,Sat,Jun,16th,2018,3,13,17,29,31,3
1760,Wed,Jun,20th,2018,2,17,18,25,29,8
1761,Sat,Jun,23rd,2018,9,17,30,31,33,10
1762,Wed,Jun,27th,2018,2,5,20,26,27,2
1763,Sat,Jun,30th,2018,1,2,5,25,33,3
1764,Wed,Jul,4th,2018,6,11,13,28,31,2
1765,Sat,Jul,7th,2018,8,21,25,26,35,3
1766,Wed,Jul,11th,2018,1,7,9,13,27,2
1767,Sat,Jul,14th,2018,17,19,27,32,34,4
1768,Wed,Jul,18th,2018,5,8,9,26,27,1
1769,Sat,Jul,21st,2018,6,19,25,28,35,1
1770,Wed,Jul,25th,2018,3,8,15,21,27,8
1771,Sat,Jul,28th,2018,9,11,25,29,35,8
1772,Wed,Aug,1st,2018,1,6,9,28,30,10
1773,Sat,Aug,4th,2018,6,22,25,28,29,2
1774,Wed,Aug,8th,2018,18,21,23,28,33,9
1775,Sat,Aug,11th,2018,7,10,12,25,32,9
1776,Wed,Aug,15th,2018,3,11,25,34,35,1
1777,Sat,Aug,18th,2018,5,17,18,24,26,10
1778,Wed,Aug,22nd,2018,9,13,15,19,30,4
1779,Sat,Aug,25th,2018,1,12,15,17,18,1
1780,Wed,Aug,29th,2018,4,8,24,25,31,5
1781,Sat,Sep,1st,2018,7,9,11,12,31,2
1782,Wed,Sep,5th,2018,5,7,18,27,30,2
1783,Sat,Sep,8th,2018,4,5,10,11,32,9
1784,Wed,Sep,12th,2018,2,16,18,19,22,1
1785,Sat,Sep,15th,2018,14,15,16,17,18,4
1786,Wed,Sep,19th,2018,2,6,8,17,35,2
1787,Sat,Sep,22nd,2018,2,5,13,21,26,3
1788,Wed,Sep,26th,2018,2,14,18,21,27,10
1789,Sat,Sep,29th,2018,7,8,13,19,21,9
1790,Wed,Oct,3rd,2018,3,18,20,29,31,9
1791,Sat,Oct,6th,2018,4,15,22,25,27,2
1792,Wed,Oct,10th,2018,3,8,9,13,22,5
1793,Sat,Oct,13th,2018,1,12,13,29,31,4
1794,Wed,Oct,17th,2018,5,7,10,16,31,9
1795,Sat,Oct,20th,2018,5,8,10,11,25,6
1796,Wed,Oct,24th,2018,9,12,13,32,35,4
1797,Sat,Oct,27th,2018,2,17,21,24,25,8
1798,Wed,Oct,31st,2018,1,7,23,32,34,2
1799,Sat,Nov,3rd,2018,4,20,21,24,27,6
1800,Wed,Nov,7th,2018,10,18,28,32,35,5
1801,Sat,Nov,10th,2018,1,7,13,18,28,1
1802,Wed,Nov,14th,2018,1,12,18,31,33,1
1803,Sat,Nov,17th,2018,4,18,24,27,33,5
1804,Wed,Nov,21st,2018,7,18,24,25,26,6
1805,Sat,Nov,24th,2018,5,11,20,23,32,4
1806,Wed,Nov,28th,2018,3,7,13,16,18,8
1807,Sat,Dec,1st,2018,3,6,10,23,32,6
1808,Wed,Dec,5th,2018,2,3,7,19,32,7
1809,Sat,Dec,8th,2018,7,9,14,15,27,8
1810,Wed,Dec,12th,2018,2,3,22,23,28,1
1811,Sat,Dec,15th,2018,9,12,15,22,30,9
1812,Wed,Dec,19th,2018,8,18,19,20,27,10
1813,Sat,Dec,22nd,2018,10,19,25,26,35,1
1814,Wed,Dec,26th,2018,11,12,15,27,31,7
1815,Sat,Dec,29th,2018,6,17,27,29,32,9
1816,Wed,Jan,2nd,2019,1,13,17,27,29,3
1817,Sat,Jan,5th,2019,11,13,18,26,29,6
1818,Wed,Jan,9th,2019,5,6,14,16,33,4
1819,Sat,Jan,12th,2019,5,8,18,27,33,6
1820,Wed,Jan,16th,2019,4,12,13,22,28,10
1821,Sat,Jan,19th,2019,1,11,30,34,35,1
1822,Wed,Jan,23rd,2019,20,22,27,32,33,3
1823,Sat,Jan,26th,2019,4,7,9,17,34,7
1824,Wed,Jan,30th,2019,2,4,12,14,22,10
1825,Sat,Feb,2nd,2019,2,17,21,27,31,2
1826,Wed,Feb,6th,2019,5,14,25,34,35,5
1827,Sat,Feb,9th,2019,3,12,14,22,29,7
1828,Wed,Feb,13th,2019,2,4,8,17,33,8
1829,Sat,Feb,16th,2019,7,8,10,11,14,9
1830,Wed,Feb,20th,2019,8,23,24,26,30,10
1831,Sat,Feb,23rd,2019,15,17,18,22,35,5
1832,Wed,Feb,27th,2019,4,13,19,27,30,5
1833,Sat,Mar,2nd,2019,3,11,13,22,31,3
1834,Wed,Mar,6th,2019,16,21,22,26,32,2
1835,Sat,Mar,9th,2019,11,15,16,27,30,10
1836,Wed,Mar,13th,2019,4,12,14,15,27,2
1837,Sat,Mar,16th,2019,11,22,25,31,35,9
1838,Wed,Mar,20th,2019,10,14,15,16,28,4
1839,Sat,Mar,23rd,2019,9,12,13,20,23,4
1840,Wed,Mar,27th,2019,1,2,7,16,27,9
1841,Wed,Apr,3rd,2019,2,19,26,28,32,1
1842,Sat,Apr,6th,2019,1,6,26,27,35,7
1843,Wed,Apr,10th,2019,3,13,15,25,26,9
1844,Sat,Apr,13th,2019,1,3,6,19,26,4
1845,Wed,Apr,17th,2019,20,21,28,33,9,9
1846,Sat,Apr,20th,2019,15,19,26,30,33,9
1847,Wed,Apr,24th,2019,15,24,34,6,9,8
1848,Sat,Apr,27th,2019,13,26,29,32,4,2
1849,Wed,May,1st,2019,5,7,8,20,26,6
1850,Sat,May,4th,2019,4,7,14,22,25,3
1851,Wed,May,8th,2019,10,23,29,31,35,3
1852,Sat,May,11th,2019,15,20,21,26,34,8
1853,Wed,May,15th,2019,5,8,23,28,29,2
1854,Sat,May,18th,2019,1,3,7,11,19,2
1855,Wed,May,22nd,2019,1,10,14,34,35,6
1856,Sat,May,25th,2019,11,27,31,32,35,1
1857,Wed,May,29th,2019,5,20,25,26,35,3
1858,Sat,Jun,1st,2019,6,12,14,17,22,9
1859,Sat,Jun,8th,2019,8,20,22,30,33,10
1860,Wed,Jun,12th,2019,8,9,21,26,27,3
1861,Sat,Jun,15th,2019,2,12,25,29,30,5
1862,Wed,Jun,19th,2019,1,6,8,30,35,2
1863,Sat,Jun,22nd,2019,15,16,23,26,32,8
1864,Wed,Jun,26th,2019,12,19,23,29,31,5
1865,Sat,Jun,29th,2019,5,6,11,13,34,5
1866,Wed,Jul,3rd,2019,3,11,13,28,34,1
1867,Sat,Jul,6th,2019,20,23,27,28,30,8
1868,Wed,Jul,10th,2019,7,15,27,28,30,1
1869,Sat,Jul,13th,2019,3,5,7,8,23,1
1870,Wed,Jul,17th,2019,5,12,23,26,29,7
1871,Sat,Jul,20th,2019,5,6,28,29,34,2
1872,Wed,Jul,24th,2019,4,8,12,25,31,4
1873,Sat,Jul,27th,2019,10,12,13,15,25,3
1874,Wed,Jul,31st,2019,5,8,23,27,30,1
1875,Sat,Aug,3rd,2019,9,12,26,31,32,7
1876,Wed,Aug,7th,2019,3,12,19,23,30,2
1877,Sat,Aug,10th,2019,1,5,15,18,28,4
1878,Wed,Aug,14th,2019,4,5,6,14,16,10
1879,Sat,Aug,17th,2019,5,7,12,14,15,7
1880,Wed,Aug,21st,2019,1,7,13,17,30,8
1881,Sat,Aug,24th,2019,4,23,25,31,32,1
1882,Wed,Aug,28th,2019,4,10,21,28,31,2
1883,Sat,Aug,31st,2019,5,14,22,28,34,5
1884,Wed,Sep,4th,2019,15,21,24,28,29,6
1885,Sat,Sep,7th,2019,1,5,14,16,28,1
1886,Wed,Sep,11th,2019,11,12,25,30,31,3
1887,Sat,Sep,14th,2019,9,12,27,30,33,7
1888,Wed,Sep,18th,2019,1,14,16,21,31,6
1889,Sat,Sep,21st,2019,8,13,14,29,31,3
1890,Wed,Sep,25th,2019,1,3,4,8,15,9
1891,Sat,Sep,28th,2019,4,8,12,15,25,7
1892,Wed,Oct,2nd,2019,3,23,25,26,28,6
1893,Sat,Oct,5th,2019,1,6,16,24,26,4
1894,Wed,Oct,9th,2019,2,4,26,29,30,9
1895,Sat,Oct,12th,2019,9,15,19,20,21,4
1896,Wed,Oct,16th,2019,9,13,18,28,35,7
1897,Sat,Oct,19th,2019,6,16,20,29,31,8
1898,Wed,Oct,23rd,2019,7,11,16,29,32,8
1899,Sat,Oct,26th,2019,25,27,29,30,34,9
1900,Wed,Oct,30th,2019,3,4,7,15,22,8
1901,Sat,Nov,2nd,2019,6,12,17,26,33,2
1902,Wed,Nov,6th,2019,7,8,15,17,31,1
1903,Sat,Nov,9th,2019,4,6,11,24,34,7
1904,Wed,Nov,13th,2019,9,18,19,23,33,10
1905,Sat,Nov,16th,2019,5,11,24,25,34,9
1906,Wed,Nov,20th,2019,5,7,8,25,28,9
1907,Sat,Nov,23rd,2019,7,14,21,32,33,6
1908,Wed,Nov,27th,2019,2,5,9,29,35,10
1909,Sat,Nov,30th,2019,1,9,16,30,33,7
1910,Wed,Dec,4th,2019,3,9,14,26,33,5
1911,Sat,Dec,7th,2019,15,16,21,30,31,1
1912,Wed,Dec,11th,2019,10,15,19,23,32,1
1913,Sat,Dec,14th,2019,1,15,22,30,32,10
1914,Wed,Dec,18th,2019,9,11,12,14,29,6
1915,Sat,Dec,21st,2019,7,13,16,19,26,4
1916,Sat,Dec,28th,2019,9,10,25,31,32,6
1917,Wed,Jan,1st,2020,10,14,21,29,30,10
1918,Sat,Jan,4th,2020,3,9,11,15,34,8
1919,Wed,Jan,8th,2020,10,20,28,33,34,8
1920,Sat,Jan,11th,2020,4,9,10,12,20,10
1921,Wed,Jan,15th,2020,6,11,14,30,32,8
1922,Sat,Jan,18th,2020,3,5,13,17,33,8
1923,Wed,Jan,22nd,2020,4,5,18,20,31,6
1924,Sat,Jan,25th,2020,6,8,23,25,35,4
1925,Wed,Jan,29th,2020,4,14,18,22,23,8
1926,Sat,Feb,1st,2020,1,10,13,19,30,5
1927,Wed,Feb,5th,2020,7,10,15,24,30,4
1928,Sat,Feb,8th,2020,1,6,24,30,32,6
1929,Wed,Feb,12th,2020,12,16,21,28,32,9
1930,Sat,Feb,15th,2020,8,12,29,32,35,7
1931,Wed,Feb,19th,2020,8,11,15,23,30,10
1932,Sat,Feb,22nd,2020,4,5,11,13,26,1
1933,Wed,Feb,26th,2020,1,6,7,28,30,5
1934,Sat,Feb,29th,2020,18,21,29,30,32,2
1935,Wed,Mar,4th,2020,9,17,21,33,35,9
1936,Sat,Mar,7th,2020,1,4,9,10,33,2
1937,Wed,Mar,11th,2020,1,4,14,22,33,2
1938,Sat,Mar,14th,2020,3,6,11,27,31,10
1939,Wed,Mar,18th,2020,5,20,24,25,27,9
1940,Sat,Mar,21st,2020,6,8,15,25,26,9
1941,Wed,Mar,25th,2020,12,22,24,29,32,1
1942,Sat,Mar,28th,2020,13,19,28,31,35,6
1943,Wed,Jun,3rd,2020,7,11,14,18,33,2
1944,Sat,Jun,6th,2020,4,6,9,27,29,1
1945,Wed,Jun,10th,2020,2,3,4,24,25,9
1946,Sat,Jun,13th,2020,2,10,25,33,35,6
1947,Wed,Jun,17th,2020,11,15,20,22,23,3
1948,Sat,Jun,20th,2020,9,11,15,22,30,1
1949,Wed,Jun,24th,2020,20,22,26,27,32,5
1950,Sat,Jun,27th,2020,7,16,19,23,34,4
1951,Wed,Jul,1st,2020,1,15,17,23,35,8
1952,Sat,Jul,4th,2020,1,10,13,25,28,6
1953,Wed,Jul,8th,2020,3,28,30,33,35,2
1954,Sat,Jul,11th,2020,7,13,21,25,30,9
1955,Wed,Jul,15th,2020,11,20,28,29,33,6
1956,Sat,Jul,18th,2020,2,5,13,20,29,6
1957,Wed,Jul,22nd,2020,2,22,23,26,28,2
1958,Sat,Jul,25th,2020,1,11,21,22,32,10
1959,Wed,Jul,29th,2020,6,7,16,18,20,5
1960,Sat,Aug,1st,2020,3,14,23,24,29,5
1961,Wed,Aug,5th,2020,6,15,19,24,26,9
1962,Sat,Aug,8th,2020,6,11,13,28,33,8
1963,Wed,Aug,12th,2020,22,24,27,28,34,1
1964,Sat,Aug,15th,2020,4,9,18,19,30,2
1965,Wed,Aug,19th,2020,14,17,19,24,28,1
1966,Sat,Aug,22nd,2020,6,11,12,14,34,4
1967,Wed,Aug,26th,2020,5,6,16,22,32,9
1968,Sat,Aug,29th,2020,5,8,13,17,30,7
1969,Wed,Sep,2nd,2020,4,7,25,29,31,7
1970,Sat,Sep,5th,2020,12,17,22,26,33,7
1971,Wed,Sep,9th,2020,3,7,8,28,33,10
1972,Sat,Sep,12th,2020,1,10,20,31,32,7
1973,Wed,Sep,16th,2020,14,18,20,27,29,10
1974,Sat,Sep,19th,2020,1,2,8,21,32,3
1975,Wed,Sep,23rd,2020,9,17,18,21,22,3
1976,Sat,Sep,26th,2020,6,16,23,24,26,8
1977,Wed,Sep,30th,2020,16,22,25,30,33,9
1978,Sat,Oct,3rd,2020,1,3,9,19,30,10
1979,Wed,Oct,7th,2020,2,5,16,26,33,2
1980,Sat,Oct,10th,2020,13,15,16,27,29,1
1981,Wed,Oct,14th,2020,3,17,26,28,32,6
1982,Sat,Oct,17th,2020,2,4,19,31,35,6
1983,Wed,Oct,21st,2020,13,21,23,34,35,3
1984,Sat,Oct,24th,2020,5,7,10,19,28,5
1985,Wed,Oct,28th,2020,14,19,21,26,27,8
1986,Sat,Oct,31st,2020,1,2,7,20,25,3
1987,Wed,Nov,4th,2020,7,16,20,23,25,8
1988,Sat,Nov,7th,2020,17,22,26,31,32,10
1989,Wed,Nov,11th,2020,3,13,24,26,34,1
1990,Wed,Nov,18th,2020,2,3,5,15,19,7
1991,Sat,Nov,21st,2020,2,12,27,28,33,1
1992,Wed,Nov,25th,2020,8,20,25,29,35,2
1993,Sat,Nov,28th,2020,13,20,26,27,35,7
1994,Wed,Dec,2nd,2020,5,7,12,19,27,4
1995,Sat,Dec,5th,2020,6,15,20,21,22,6
1996,Wed,Dec,9th,2020,10,14,22,26,32,10
1997,Sat,Dec,12th,2020,8,21,26,32,33,9
1998,Wed,Dec,16th,2020,9,17,19,27,31,6
1999,Sat,Dec,19th,2020,8,11,16,19,31,9
2000,Wed,Dec,23rd,2020,8,11,16,23,25,1
2001,Sat,Dec,26th,2020,11,16,17,33,35,1
2002,Wed,Dec,30th,2020,8,14,15,24,29,6
2003,Sat,Jan,2nd,2021,6,10,13,14,19,7
2004,Wed,Jan,6th,2021,4,28,29,30,31,3
2005,Sat,Jan,9th,2021,8,11,17,27,29,3
2006,Wed,Jan,13th,2021,4,5,9,10,18,7
2007,Sat,Jan,16th,2021,5,12,27,32,35,2
2008,Wed,Jan,20th,2021,1,16,19,22,23,5
2009,Sat,Jan,23rd,2021,6,11,21,33,34,4
2010,Wed,Jan,27th,2021,2,13,15,29,35,7
2011,Sat,Jan,30th,2021,2,10,22,30,33,8
2012,Wed,Feb,3rd,2021,13,14,20,22,23,2
2013,Sat,Feb,6th,2021,9,14,21,23,28,10
2014,Wed,Feb,10th,2021,5,8,10,28,30,2
2015,Sat,Feb,13th,2021,1,2,4,23,32,7
2016,Wed,Feb,17th,2021,3,15,16,22,32,1
2017,Sat,Feb,20th,2021,1,6,8,22,30,1
2018,Wed,Feb,24th,2021,2,18,19,20,27,7
2019,Sat,Feb,27th,2021,13,15,22,23,32,10
2020,Wed,Mar,3rd,2021,1,5,11,30,32,5
2021,Sat,Mar,6th,2021,3,6,7,10,14,9
2022,Wed,Mar,10th,2021,4,6,10,11,23,7
2023,Sat,Mar,13th,2021,3,4,12,15,18,2
2024,Wed,Mar,17th,2021,4,9,15,21,26,5
2025,Sat,Mar,20th,2021,6,15,17,27,35,5
2026,Wed,Mar,24th,2021,10,17,25,27,35,8
2027,Sat,Mar,27th,2021,5,20,32,34,35,7
2028,Wed,Mar,31st,2021,11,22,24,33,35,6
2029,Sat,Apr,3rd,2021,12,13,17,25,27,10
2030,Wed,Apr,7th,2021,3,5,15,24,29,3
2031,Sat,Apr,10th,2021,2,7,24,26,28,2
2032,Wed,Apr,14th,2021,9,19,20,32,34,8
2033,Sat,Apr,17th,2021,1,5,20,25,29,3
2034,Wed,Apr,21st,2021,2,18,20,23,32,1
2035,Sat,Apr,24th,2021,26,30,5,21,17,3
2036,Wed,Apr,28th,2021,10,15,17,23,28,8
2037,Sat,May,1st,2021,12,16,27,28,33,4
2038,Wed,May,5th,2021,4,11,13,20,28,9
2039,Sat,May,8th,2021,4,5,8,24,35,1
2040,Wed,May,12th,2021,11,17,19,23,31,3
2041,Sat,May,15th,2021,33,9,25,3,21,10
2042,Wed,Aug,11th,2021,3,6,24,27,32,6
2043,Sat,Aug,14th,2021,12,13,22,32,35,2
2044,Wed,Aug,18th,2021,3,5,16,20,24,5
2045,Sat,Aug,21st,2021,1,8,22,32,33,7
2046,Wed,Aug,25th,2021,17,18,23,25,28,10
2047,Sat,Aug,28th,2021,14,15,20,32,33,10
2048,Wed,Sep,1st,2021,14,21,22,31,33,8
2049,Sat,Sep,4th,2021,1,2,6,8,17,2
2050,Wed,Sep,8th,2021,16,21,22,26,35,1
2051,Sat,Sep,11th,2021,13,14,20,26,34,6
2052,Wed,Sep,15th,2021,4,7,13,18,19,7
2053,Sat,Sep,18th,2021,2,12,16,27,30,1
2054,Wed,Sep,22nd,2021,8,20,27,30,31,10
2055,Sat,Sep,25th,2021,5,8,17,28,31,5
2056,Wed,Sep,29th,2021,7,15,20,22,29,10
2057,Sat,Oct,2nd,2021,2,20,25,31,32,8
2058,Wed,Oct,6th,2021,5,17,18,29,33,4
2059,Sat,Oct,9th,2021,4,8,16,26,32,4
2060,Wed,Oct,13th,2021,3,16,17,20,35,7
2061,Sat,Oct,16th,2021,3,4,6,21,25,2
2062,Wed,Oct,20th,2021,11,17,21,28,32,8
2063,Sat,Oct,23rd,2021,1,12,16,23,26,1
2064,Wed,Oct,27th,2021,10,11,13,22,27,2
2065,Sat,Oct,30th,2021,3,6,7,28,35,2
2066,Wed,Nov,3rd,2021,10,17,21,26,30,8
2067,Sat,Nov,6th,2021,10,17,18,22,33,4
2068,Wed,Nov,10th,2021,1,2,17,20,23,8
2069,Sat,Nov,13th,2021,2,7,13,19,30,7
2070,Wed,Nov,17th,2021,22,19,31,28,12,7
2071,Sat,Nov,20th,2021,1,13,21,27,31,3
2072,Wed,Nov,24th,2021,2,3,7,16,28,2
2073,Sat,Nov,27th,2021,5,6,7,8,21,7
2074,Wed,Dec,1st,2021,1,2,17,20,23,8
2075,Sat,Dec,4th,2021,10,15,17,18,20,8
2076,Wed,Dec,8th,2021,12,18,22,28,33,10
2077,Sat,Dec,11th,2021,1,6,13,20,30,8
2078,Wed,Dec,15th,2021,2,16,29,33,35,9
2079,Sat,Dec,18th,2021,2,11,12,25,26,7
2080,Wed,Dec,22nd,2021,2,25,29,27,9,5
2081,Wed,Dec,29th,2021,3,12,23,25,33,5
2082,Sat,Jan,1st,2022,3,7,12,17,27,2
2083,Wed,Jan,5th,2022,3,16,17,21,23,6
2084,Sat,Jan,8th,2022,3,12,15,19,25,8
2085,Wed,Jan,12th,2022,11,33,15,14,6,9
2086,Sat,Jan,15th,2022,2,10,19,21,22,7
2087,Wed,Jan,19th,2022,10,18,4,1,23,4
2088,Sat,Jan,22nd,2022,1,5,20,21,32,9
2089,Wed,Jan,26th,2022,13,15,21,24,34,9
2090,Sat,Jan,29th,2022,17,30,1,16,25,8
2091,Wed,Feb,2nd,2022,1,2,12,17,23,1
2092,Sat,Feb,5th,2022,2,12,16,26,28,1
2093,Wed,Feb,9th,2022,3,4,5,9,12,10
2094,Sat,Feb,12th,2022,12,16,17,19,31,5
2095,Wed,Feb,16th,2022,22,27,6,1,12,6
2096,Sat,Feb,19th,2022,32,9,23,31,18,10
2097,Wed,Feb,23rd,2022,5,6,27,29,31,5
2098,Sat,Feb,26th,2022,4,17,22,25,30,7
2099,Wed,Mar,2nd,2022,11,17,18,28,35,10
2100,Sat,Mar,5th,2022,3,4,7,21,30,10
2101,Wed,Mar,9th,2022,1,7,11,14,34,10
2102,Sat,Mar,12th,2022,1,4,5,7,23,2
2103,Wed,Mar,16th,2022,17,22,23,24,33,10
2104,Sat,Mar,19th,2022,1,5,11,24,29,7
2105,Wed,Mar,23rd,2022,3,6,11,15,28,3
2106,Sat,Mar,26th,2022,2,8,9,10,23,9
2107,Sat,Apr,2nd,2022,4,9,11,17,34,9
2108,Wed,Apr,6th,2022,8,10,24,28,32,10
2109,Sat,Apr,9th,2022,5,8,13,17,20,4
2110,Wed,Apr,13th,2022,16,19,20,32,34,1
2111,Sat,Apr,16th,2022,2,11,15,30,35,1
2112,Wed,Apr,20th,2022,2,9,25,30,33,7
2113,Sat,Apr,23rd,2022,2,21,24,29,31,1
2114,Wed,Apr,27th,2022,1,2,28,33,35,5
2115,Sat,Apr,30th,2022,5,12,25,26,27,1
2116,Wed,May,4th,2022,5,14,22,24,31,1
2117,Sat,May,7th,2022,1,9,11,26,30,7
2118,Wed,May,11th,2022,1,4,22,23,27,1
2119,Sat,May,14th,2022,4,16,19,25,34,6
2120,Wed,May,18th,2022,1,2,4,7,28,10
2121,Sat,May,21st,2022,1,12,26,29,31,7
2122,Wed,May,25th,2022,2,4,9,10,25,2
2123,Sat,May,28th,2022,12,13,16,33,34,4
2124,Wed,Jun,1st,2022,6,15,23,25,32,8
2125,Sat,Jun,4th,2022,1,3,9,23,32,3
2126,Wed,Jun,8th,2022,2,4,13,26,31,2
2127,Sat,Jun,11th,2022,2,6,8,33,35,10
2128,Wed,Jun,15th,2022,8,12,14,16,21,4
2129,Sat,Jun,18th,2022,4,5,15,25,33,9
2130,Wed,Jun,22nd,2022,3,17,25,26,27,9
2131,Sat,Jun,25th,2022,3,5,12,22,33,5
2132,Wed,Jun,29th,2022,8,12,19,20,27,3
2133,Sat,Jul,2nd,2022,14,20,22,25,30,6
2134,Wed,Jul,6th,2022,1,19,28,30,31,1
2135,Sat,Jul,9th,2022,9,20,21,22,31,2
2136,Wed,Jul,13th,2022,1,6,20,23,34,9
2137,Sat,Jul,16th,2022,6,8,11,20,23,4
2138,Wed,Jul,20th,2022,4,8,11,21,22,4
2139,Sat,Jul,23rd,2022,15,19,21,23,34,8
2140,Wed,Jul,27th,2022,8,14,17,18,27,2
2141,Sat,Jul,30th,2022,1,4,18,23,35,5
2142,Wed,Aug,3rd,2022,10,12,25,26,27,6
2143,Sat,Aug,6th,2022,9,17,18,19,26,7
2144,Wed,Aug,10th,2022,1,6,11,21,33,10
2145,Sat,Aug,13th,2022,8,18,22,30,35,3
2146,Wed,Aug,17th,2022,1,3,6,25,26,1
2147,Sat,Aug,20th,2022,23,24,26,28,31,5
2148,Wed,Aug,24th,2022,2,6,10,14,19,8
2149,Sat,Aug,27th,2022,6,11,12,25,28,2
2150,Wed,Aug,31st,2022,6,7,11,24,31,1
2151,Sat,Sep,3rd,2022,2,9,11,19,24,9
2152,Wed,Sep,7th,2022,8,11,19,22,24,4
2153,Sat,Sep,10th,2022,5,6,15,18,19,6
2154,Wed,Sep,14th,2022,8,11,12,26,31,3
2155,Sat,Sep,17th,2022,9,10,26,27,28,9
2156,Wed,Sep,21st,2022,3,7,8,21,24,9
2157,Sat,Sep,24th,2022,4,6,13,15,34,10
2158,Wed,Sep,28th,2022,1,3,22,28,31,3
2159,Sat,Oct,1st,2022,1,7,10,11,15,1
2160,Wed,Oct,5th,2022,3,6,7,24,26,8
2161,Sat,Oct,8th,2022,2,4,5,29,34,5
2162,Wed,Oct,12th,2022,10,15,16,17,19,6
2163,Sat,Oct,15th,2022,6,9,11,31,34,5
2164,Wed,Oct,19th,2022,2,3,11,27,34,9
2165,Sat,Oct,22nd,2022,4,16,22,25,33,6
2166,Wed,Oct,26th,2022,5,19,27,30,33,1
2167,Sat,Oct,29th,2022,12,18,23,26,35,5
2168,Wed,Nov,2nd,2022,1,2,13,27,29,4
2169,Sat,Nov,5th,2022,1,5,9,20,22,1
2170,Wed,Nov,9th,2022,2,6,18,21,27,5
2171,Sat,Nov,12th,2022,5,12,14,22,24,1
2172,Wed,Nov,16th,2022,11,12,24,26,35,8
2173,Sat,Nov,19th,2022,19,20,21,29,35,9
2174,Wed,Nov,23rd,2022,13,20,24,29,35,1
2175,Sat,Nov,26th,2022,11,13,23,24,33,4
2176,Wed,Nov,30th,2022,5,8,15,30,32,10
2177,Sat,Dec,3rd,2022,3,9,23,27,35,4
2178,Wed,Dec,7th,2022,2,6,14,22,31,2
2179,Sat,Dec,10th,2022,8,12,20,25,30,5
2180,Wed,Dec,14th,2022,1,3,4,26,34,5
2181,Sat,Dec,17th,2022,11,18,20,23,34,6
2182,Wed,Dec,21st,2022,2,10,21,22,24,1
2183,Sat,Dec,24th,2022,19,21,25,29,30,2
2184,Wed,Dec,28th,2022,7,13,17,18,32,2
2185,Sat,Dec,31st,2022,10,15,19,22,25,2
2186,Wed,Jan,4th,2023,13,18,20,31,35,6
2187,Sat,Jan,7th,2023,2,7,18,28,33,9
2188,Wed,Jan,11th,2023,4,8,19,20,26,2
2189,Sat,Jan,14th,2023,4,5,6,9,17,9
2190,Wed,Jan,18th,2023,12,16,17,20,26,10
2191,Sat,Jan,21st,2023,1,4,29,30,32,4
2192,Wed,Jan,25th,2023,3,24,25,26,33,2
2193,Sat,Jan,28th,2023,2,6,18,26,28,4
2194,Wed,Feb,1st,2023,4,13,16,21,31,7
2195,Sat,Feb,4th,2023,4,9,17,20,33,9
2196,Wed,Feb,8th,2023,5,18,21,28,29,1
2197,Sat,Feb,11th,2023,10,17,20,21,24,7
2198,Wed,Feb,15th,2023,21,22,24,27,29,3
2199,Sat,Feb,18th,2023,3,15,16,19,21,10
2200,Wed,Feb,22nd,2023,4,5,13,18,32,4
2201,Sat,Feb,25th,2023,6,12,17,29,33,1
2202,Wed,Mar,1st,2023,18,20,25,31,34,5
2203,Sat,Mar,4th,2023,6,24,25,27,32,9
2204,Wed,Mar,8th,2023,2,5,7,16,32,7
2205,Sat,Mar,11th,2023,4,6,22,23,35,1
2206,Wed,Mar,15th,2023,3,4,9,10,13,6
2207,Sat,Mar,18th,2023,9,17,18,24,31,10
2208,Wed,Mar,22nd,2023,1,3,14,20,33,9
2209,Sat,Mar,25th,2023,2,4,13,24,32,3
2210,Wed,Mar,29th,2023,7,9,17,19,23,7
2211,Sat,Apr,1st,2023,1,10,19,27,34,5
2212,Wed,Apr,5th,2023,4,7,11,20,25,6
2213,Sat,Apr,8th,2023,2,18,23,27,32,3
2214,Wed,Apr,12th,2023,6,14,25,28,29,9
2215,Sat,Apr,15th,2023,2,15,27,32,33,9
2216,Wed,Apr,19th,2023,17,22,23,29,35,7
2217,Wed,Apr,26th,2023,3,4,19,20,26,8,
2218,Sat,Apr,29th,2023,6,10,12,17,27,4,
2219,Wed,May,3rd,2023,7,15,16,21,23,1,
2220,Sat,May,6th,2023,11,13,15,20,29,7,
2221,Wed,May,10th,2023,7,14,17,20,31,4,
2222,Sat,May,13th,2023,6,10,18,27,28,4,
2223,Wed,May,17th,2023,2,9,10,20,26,1,
2224,Sat,May,20th,2023,2,18,25,32,34,2,
